{
  "completed_runs": 3,
  "total_runs": 20,
  "all_rewards": [
    0.999999996179819,
    0.9988294772580122,
    0.9992325353732274
  ],
  "max_reward": 0.999999996179819,
  "mean_reward": 0.9993540029370195,
  "std_reward": 0.00048551993667762745,
  "timestamp": "2025-10-04T14:40:56.962342"
}