{
  "checkpoint_type": "post_rl_training",
  "best_rewards_all": [
    0.9897308870899294,
    0.9897218412066378,
    0.9897105977375986,
    0.9896958536104872,
    0.9896866556794766,
    0.9896784359949989,
    0.9896741752928826,
    0.9896678285470932,
    0.9896618729296017,
    0.9896617207079107
  ],
  "best_min_idxs_all": [
    [
      0,
      0,
      1,
      0,
      1,
      1,
      1
    ],
    [
      0,
      0,
      1,
      0,
      1,
      1,
      1
    ],
    [
      0,
      1,
      1,
      0,
      0,
      1,
      1
    ],
    [
      0,
      1,
      1,
      0,
      0,
      1,
      1
    ],
    [
      0,
      1,
      1,
      0,
      0,
      1,
      1
    ],
    [
      0,
      1,
      1,
      0,
      0,
      1,
      1
    ],
    [
      0,
      0,
      1,
      0,
      1,
      1,
      1
    ],
    [
      0,
      0,
      1,
      0,
      1,
      1,
      1
    ],
    [
      0,
      0,
      1,
      0,
      1,
      1,
      1
    ],
    [
      0,
      1,
      1,
      0,
      0,
      1,
      1
    ]
  ],
  "best_ws_all": [
    [
      0.023391753982062388,
      0.4783897850705475,
      0.517102886185099,
      0.5165627668289426,
      0.01716316327702696,
      0.9740326698285071,
      0.5114755985181931,
      0.5268207697683668,
      0.49817860753455107,
      0.0
    ],
    [
      0.0,
      0.4745715086565982,
      0.5210848212583481,
      0.5095229030319464,
      0.029733562995856055,
      0.9785756503984292,
      0.5055429946984475,
      0.5183522202406221,
      0.5107658675687514,
      0.0
    ],
    [
      0.002377679456789661,
      0.4986589600478227,
      0.5097285216565963,
      0.503136137139563,
      0.011897312330366783,
      1.0158257595300888,
      0.4784532015712324,
      0.48187786190380727,
      0.4951738990154569,
      0.0
    ],
    [
      0.01910056653785461,
      0.5053141914479307,
      0.4687047875796214,
      0.512688667736244,
      0.006535113918449528,
      1.0040551822140251,
      0.512856496644335,
      0.47607724188137984,
      0.5137295449179319,
      0.0
    ],
    [
      0.0,
      0.4586060258007389,
      0.4924518765003839,
      0.48920003280420393,
      0.0033728306058155642,
      1.0403521298320086,
      0.5007639580013283,
      0.4902808634948173,
      0.4841189869858412,
      0.0
    ],
    [
      0.02080993041371529,
      0.4981912329679058,
      0.4864720930725146,
      0.483127709422787,
      0.02061867807899359,
      1.0579995545545104,
      0.4637176943667611,
      0.46988374644373254,
      0.4750704565383348,
      0.0
    ],
    [
      0.0,
      0.43894235301454226,
      0.5573080689046901,
      0.5007255286341611,
      0.028119653264475925,
      0.9580638442655535,
      0.5367842402279566,
      0.523208338326912,
      0.5152183436149216,
      0.0
    ],
    [
      0.03477430790199788,
      0.5120063379313907,
      0.4808576807833095,
      0.5202205028712408,
      5.604827150037719e-06,
      0.9689299965682401,
      0.544866677214469,
      0.48986756484211896,
      0.5090299709721282,
      0.0
    ],
    [
      0.0015857769714715548,
      0.47963161298091544,
      0.520117829192843,
      0.4818533603151137,
      0.0,
      1.0150773637234929,
      0.46687981211011526,
      0.5372783916241446,
      0.47981131775255165,
      0.0
    ],
    [
      0.0036977874041646927,
      0.5001229186797016,
      0.46296017312232746,
      0.5075037831176541,
      0.008518462484975734,
      1.0385129597074745,
      0.47241102844845134,
      0.470373705094689,
      0.5049414291536285,
      0.0
    ]
  ],
  "best_optimized_reward": 0.9897308870899294,
  "target": [
    0.1428571492433548,
    0.1428571492433548,
    0.1428571492433548,
    0.1428571492433548,
    0.1428571492433548,
    0.1428571492433548,
    0.1428571492433548
  ],
  "training_summary": {
    "actual_iterations": 90,
    "max_iterations": 2000,
    "early_stopped": true,
    "keep_best_n": 10
  },
  "status": "rl_training_complete"
}