{
  "checkpoint_type": "post_rl_training",
  "best_rewards_all": [
    0.9897106216141734,
    0.9897007809663416,
    0.9897002649044047,
    0.9896952750915602,
    0.9896917217127399,
    0.9896911131380749,
    0.9896851298568238,
    0.9896827326789109,
    0.9896817011582435,
    0.9896746051360021
  ],
  "best_min_idxs_all": [
    [
      0,
      0,
      0,
      0,
      0,
      1,
      1
    ],
    [
      0,
      0,
      0,
      0,
      0,
      1,
      1
    ],
    [
      0,
      0,
      0,
      0,
      0,
      1,
      1
    ],
    [
      0,
      0,
      0,
      0,
      0,
      1,
      1
    ],
    [
      0,
      0,
      0,
      0,
      0,
      1,
      1
    ],
    [
      0,
      0,
      0,
      0,
      0,
      1,
      1
    ],
    [
      0,
      0,
      0,
      0,
      0,
      1,
      1
    ],
    [
      0,
      0,
      0,
      0,
      0,
      1,
      1
    ],
    [
      0,
      0,
      0,
      0,
      0,
      1,
      1
    ],
    [
      0,
      0,
      0,
      0,
      0,
      1,
      1
    ]
  ],
  "best_ws_all": [
    [
      0.48862238969814686,
      0.5036099091950476,
      0.0,
      0.48959316105475037,
      0.41510192995929557,
      0.5741459579293337,
      0.0,
      0.5462536927598819,
      0.0,
      0.9836551561285662
    ],
    [
      0.4882541729390757,
      0.47467687695580935,
      0.0,
      0.4863658467585125,
      0.4091232722817881,
      0.5550009572544953,
      0.0,
      0.5713860471206729,
      0.0,
      0.9989234499588954
    ],
    [
      0.5136475542387944,
      0.47434719425162014,
      0.0,
      0.496125684604835,
      0.4592144885316974,
      0.5368562385905783,
      0.0,
      0.5266244084053447,
      0.0,
      0.994280845378293
    ],
    [
      0.4999239184352235,
      0.47083192529584555,
      0.0,
      0.4733743000247958,
      0.4382043642885433,
      0.5573166913598236,
      0.0,
      0.5558149165416723,
      0.0,
      0.9963708973944397
    ],
    [
      0.506756138948944,
      0.49520144890254225,
      0.0,
      0.48895476041507024,
      0.34790453851218,
      0.59650316505978,
      0.0,
      0.6009504755960722,
      0.0,
      0.9596363451573566
    ],
    [
      0.48443499070552526,
      0.4751624719284036,
      0.0,
      0.46657243913372254,
      0.4097963559499672,
      0.5700847221669997,
      0.0,
      0.5919950834868004,
      0.0,
      0.9891742523040088
    ],
    [
      0.5083176092619268,
      0.4633289107381171,
      0.0,
      0.4857500027356723,
      0.4256977373138951,
      0.5611388645515867,
      0.0,
      0.5592960150618677,
      0.0,
      0.9909990121600851
    ],
    [
      0.48720861171438234,
      0.4691014271801982,
      0.0,
      0.5075757809191322,
      0.3953585710884443,
      0.596151712312324,
      0.0,
      0.5669828739026381,
      0.0,
      0.9755837243354727
    ],
    [
      0.4562662065537861,
      0.4703747733137091,
      0.0,
      0.48550980328677673,
      0.360035412351138,
      0.6141701485886825,
      0.0,
      0.5984211694169886,
      0.0,
      0.9848403864225087
    ],
    [
      0.5090241793493304,
      0.48108730944878164,
      0.0,
      0.49239077451412694,
      0.3525001358220311,
      0.6042053189842893,
      0.0,
      0.6242569927303276,
      0.0,
      0.9423287666638867
    ]
  ],
  "best_optimized_reward": 0.9897106216141734,
  "target": [
    0.1428571492433548,
    0.1428571492433548,
    0.1428571492433548,
    0.1428571492433548,
    0.1428571492433548,
    0.1428571492433548,
    0.1428571492433548
  ],
  "training_summary": {
    "actual_iterations": 109,
    "max_iterations": 2000,
    "early_stopped": true,
    "keep_best_n": 10
  },
  "status": "rl_training_complete"
}