{
  "ray_source": "sa_cone",
  "ray_index": 180,
  "classification": "INSIDE HEC",
  "final_reward": 0.9999999999999186,
  "convergence_threshold": 0.001,
  "timestamp": "2025-10-03T02:44:32.332314",
  "multi_run_statistics": {
    "all_rewards": [
      0.9986450293469014,
      0.9994284992806578,
      0.998827640737866,
      0.9999999999999186,
      0.9986762577485704,
      0.9987407719439477,
      0.998829746294365,
      0.9991071601545355,
      0.9986591811125293,
      0.9985936816341567
    ],
    "max_reward": 0.9999999999999186,
    "mean_reward": 0.9989507968253448,
    "std_reward": 0.0004253050635827032,
    "num_runs": 10
  }
}