{
  "base_S": [
    0.1428571492433548,
    0.1428571492433548,
    0.1428571492433548,
    0.1428571492433548,
    0.1428571492433548,
    0.1428571492433548,
    0.1428571492433548
  ],
  "base_reward": 0.9877637028694153,
  "dS": 0.02,
  "distance_mode": "uniform_half",
  "n_samples": 30,
  "n_repeats": 1,
  "samples": [
    {
      "sample_index": 0,
      "S_perturbed": [
        0.14419508854207178,
        0.13885668057010078,
        0.1449183420038654,
        0.14238900109971572,
        0.14299007361841018,
        0.14960368199775156,
        0.13704717687156814
      ],
      "direction": [
        0.1327684948624418,
        -0.3969807935245075,
        0.20453951886814864,
        -0.04645601221461323,
        0.013190560456335416,
        0.6694825394548088,
        -0.576544307902614
      ],
      "distance": 0.010077234814653693,
      "reward": 0.9904862642288208,
      "reward_change": 0.0027225613594055176
    },
    {
      "sample_index": 1,
      "S_perturbed": [
        0.14601003926112555,
        0.13359976573171378,
        0.14821222305864304,
        0.146971642522515,
        0.14926934551542898,
        0.13903330164941471,
        0.13690372696464254
      ],
      "direction": [
        0.20680712269142437,
        -0.607218404988057,
        0.35125469055307884,
        0.26988144578476647,
        0.42059439234672485,
        -0.25081715951272326,
        -0.3905020868752146
      ],
      "distance": 0.01524555816423762,
      "reward": 0.9901503920555115,
      "reward_change": 0.0023866891860961914
    },
    {
      "sample_index": 2,
      "S_perturbed": [
        0.14489624863275147,
        0.14693392653320014,
        0.13526644882531919,
        0.1394958524240081,
        0.13930330004689073,
        0.14203976878423938,
        0.15206449945707456
      ],
      "direction": [
        0.1488083185860745,
        0.2975129005022561,
        -0.5539501271846828,
        -0.24529894450299403,
        -0.25935093021177574,
        -0.05965035956489961,
        0.6719291423760214
      ],
      "distance": 0.013702858877591572,
      "reward": 0.9837369322776794,
      "reward_change": -0.00402677059173584
    },
    {
      "sample_index": 3,
      "S_perturbed": [
        0.15149245986476106,
        0.13776391699756702,
        0.14247698330017383,
        0.14899961601207057,
        0.14372916670785413,
        0.1332045267623454,
        0.14233337505871158
      ],
      "direction": [
        0.5662140845683742,
        -0.3339613315581244,
        -0.024927338568306364,
        0.40275924641534994,
        0.0571778586823689,
        -0.6329188423425575,
        -0.034343677197105224
      ],
      "distance": 0.01525096400240375,
      "reward": 0.9847666621208191,
      "reward_change": -0.0029970407485961914
    },
    {
      "sample_index": 4,
      "S_perturbed": [
        0.13431252994524143,
        0.133607567666045,
        0.14300284299389193,
        0.14907065463896266,
        0.145653632434813,
        0.14459587247447397,
        0.14975694455005562
      ],
      "direction": [
        -0.5344095749239084,
        -0.5785003154026472,
        0.009112183068332376,
        0.3886137768580718,
        0.17490157741246545,
        0.10874566910873242,
        0.43153668387895405
      ],
      "distance": 0.01598889634290329,
      "reward": 0.990411102771759,
      "reward_change": 0.00264739990234375
    },
    {
      "sample_index": 5,
      "S_perturbed": [
        0.14945137388456148,
        0.13723272929742245,
        0.14302441984390354,
        0.14005200576092766,
        0.1434906734622059,
        0.13995064220778486,
        0.1467982002466777
      ],
      "direction": [
        0.6363121809982148,
        -0.5427305130434835,
        0.01614083936221173,
        -0.2706833728657317,
        0.06113215720515132,
        -0.2804644869592625,
        0.38029319530289896
      ],
      "distance": 0.010363190958975477,
      "reward": 0.9871325492858887,
      "reward_change": -0.0006311535835266113
    },
    {
      "sample_index": 6,
      "S_perturbed": [
        0.14373751526397688,
        0.14463290203108795,
        0.14386591218252998,
        0.14675817768110985,
        0.13081390533828224,
        0.15138612571664262,
        0.13880550648985404
      ],
      "direction": [
        0.05519965374931389,
        0.11134112031946293,
        0.06325024325480468,
        0.2445976037082262,
        -0.7551210269437685,
        0.5347736477026495,
        -0.2540412417906886
      ],
      "distance": 0.015948759834983863,
      "reward": 0.9871936440467834,
      "reward_change": -0.0005700588226318359
    },
    {
      "sample_index": 7,
      "S_perturbed": [
        0.13773199593654725,
        0.14816315974053942,
        0.1417464812837554,
        0.1429361363701501,
        0.15078468195388642,
        0.13905603185700285,
        0.13958155756160215
      ],
      "direction": [
        -0.42756470458444784,
        0.44265267299172284,
        -0.09265721230363375,
        0.006589482404233958,
        0.6613525447053094,
        -0.31710732052203305,
        -0.2732654626911508
      ],
      "distance": 0.01198684842751158,
      "reward": 0.988671064376831,
      "reward_change": 0.0009073615074157715
    },
    {
      "sample_index": 8,
      "S_perturbed": [
        0.14395144695285694,
        0.14467224851856145,
        0.1495047622720878,
        0.13493617853587994,
        0.1368629633508461,
        0.13847565763663544,
        0.1515967874366159
      ],
      "direction": [
        0.07020882120249218,
        0.11645458029491294,
        0.4265028341967482,
        -0.5081999270603352,
        -0.3845797372390648,
        -0.2811112169432698,
        0.5607246455485161
      ],
      "distance": 0.015586327910933458,
      "reward": 0.9879329204559326,
      "reward_change": 0.00016921758651733398
    },
    {
      "sample_index": 9,
      "S_perturbed": [
        0.1474470568828759,
        0.13849527904221365,
        0.15744811472258474,
        0.1402317199065127,
        0.144038619599391,
        0.13570783873186953,
        0.13663141581803606
      ],
      "direction": [
        0.24493860924487015,
        -0.2327694813670869,
        0.7786411127861802,
        -0.14010500013108768,
        0.06304869914588111,
        -0.3815201331427329,
        -0.3322338065360246
      ],
      "distance": 0.018739012414871963,
      "reward": 0.9903863668441772,
      "reward_change": 0.002622663974761963
    },
    {
      "sample_index": 10,
      "S_perturbed": [
        0.14634804605261198,
        0.1466968214407127,
        0.13878461047740265,
        0.14325354397852416,
        0.14056688779571588,
        0.13587927967106142,
        0.14847085528745482
      ],
      "direction": [
        0.3072113269990948,
        0.3379048008133047,
        -0.35839788653324406,
        0.03488414561092364,
        -0.20155114772749166,
        -0.6140773239834056,
        0.49402608482081783
      ],
      "distance": 0.011363177404156904,
      "reward": 0.9832199215888977,
      "reward_change": -0.004543781280517578
    },
    {
      "sample_index": 11,
      "S_perturbed": [
        0.13820522030803942,
        0.14608576842570248,
        0.13567697559101444,
        0.14251233480216927,
        0.14713090657897146,
        0.150448679916756,
        0.13994015908083052
      ],
      "direction": [
        -0.35875104632912397,
        0.24898714618627016,
        -0.5537261738989304,
        -0.026591666228089533,
        0.3295869170033443,
        0.5854495221642249,
        -0.22495469889769476
      ],
      "distance": 0.012967011477501414,
      "reward": 0.9898346066474915,
      "reward_change": 0.002070903778076172
    },
    {
      "sample_index": 12,