{
  "base_S": [
    0.1428571492433548,
    0.1428571492433548,
    0.1428571492433548,
    0.1428571492433548,
    0.1428571492433548,
    0.1428571492433548,
    0.1428571492433548
  ],
  "base_reward": 0.9894078373908997,
  "dS": 0.02,
  "distance_mode": "uniform_half",
  "n_samples": 10,
  "n_repeats": 1,
  "samples": [
    {
      "sample_index": 0,
      "S_perturbed": [
        0.14798345354069442,
        0.13841728218132657,
        0.14514777866201156,
        0.14675754674841895,
        0.13534252332785904,
        0.1523970943055886,
        0.13395436593758445
      ],
      "direction": [
        0.2993842255286558,
        -0.2592952124409256,
        0.13377635713775418,
        0.22778934268758552,
        -0.43886596061334365,
        0.5571477810096083,
        -0.5199365333093344
      ],
      "distance": 0.017122826990258216,
      "reward": 0.9906212091445923,
      "reward_change": 0.001213371753692627
    },
    {
      "sample_index": 1,
      "S_perturbed": [
        0.14870438293626184,
        0.1383864971943155,
        0.14969825201225442,
        0.136201017902753,
        0.14511468133632002,
        0.1358722106999715,
        0.1460230026216073
      ],
      "direction": [
        0.4042778056048367,
        -0.30910093472077554,
        0.4729939250902266,
        -0.4602049983841577,
        0.1560857951912523,
        -0.4829387322126564,
        0.21888713943127378
      ],
      "distance": 0.014463405143299999,
      "reward": 0.9899978637695312,
      "reward_change": 0.0005900263786315918
    },
    {
      "sample_index": 2,
      "S_perturbed": [
        0.14912136849145177,
        0.1407009769853375,
        0.14650122053753792,
        0.13518435578378424,
        0.13023464313557997,
        0.1494618177019504,
        0.14879566206784173
      ],
      "direction": [
        0.3328192817155943,
        -0.11455788403102445,
        0.19361027170606926,
        -0.4076571248271943,
        -0.6706363953523111,
        0.3509074196320992,
        0.3155144311567668
      ],
      "distance": 0.0188216836951471,
      "reward": 0.9886535406112671,
      "reward_change": -0.0007542967796325684
    },
    {
      "sample_index": 3,
      "S_perturbed": [
        0.14345837143653187,
        0.13835282745724412,
        0.15204111332030287,
        0.1463334007234285,
        0.13060400426183522,
        0.1518038753175553,
        0.1374064521865857
      ],
      "direction": [
        0.030965607824822394,
        -0.23199253708258552,
        0.47301485725473036,
        0.17904235947044658,
        -0.6310912777743619,
        0.46079604857202644,
        -0.2807350582650783
      ],
      "distance": 0.019415804675247842,
      "reward": 0.9910377264022827,
      "reward_change": 0.0016298890113830566
    },
    {
      "sample_index": 4,
      "S_perturbed": [
        0.14894509377619086,
        0.1325282618758462,
        0.14880984894299745,
        0.13842142780994612,
        0.15033210536475305,
        0.13974054879379658,
        0.14122275813995327
      ],
      "direction": [
        0.3724934042853446,
        -0.6319772457274409,
        0.3642183932275904,
        -0.27140145056843284,
        0.4573582820154443,
        -0.19069048756795512,
        -0.10000089566455073
      ],
      "distance": 0.016343764648708937,
      "reward": 0.992178201675415,
      "reward_change": 0.002770364284515381
    },
    {
      "sample_index": 5,
      "S_perturbed": [
        0.14265695380574137,
        0.14855984998299365,
        0.1411265799853851,
        0.149151057075376,
        0.14219438688767416,
        0.13917042935100654,
        0.1371407876153068
      ],
      "direction": [
        -0.018133989337661485,
        0.5165587969500364,
        -0.1567574408598818,
        0.5701111817466983,
        -0.060033962984325076,
        -0.33394836573587994,
        -0.5177962197789862
      ],
      "distance": 0.011039790190990469,
      "reward": 0.9875074625015259,
      "reward_change": -0.0019003748893737793
    },
    {
      "sample_index": 6,
      "S_perturbed": [
        0.14045318821987327,
        0.14229191416478254,
        0.14133686759720226,
        0.1530868125983723,
        0.1434059869596572,
        0.1416262743082251,
        0.1377990008553709
      ],
      "direction": [
        -0.20284104424460925,
        -0.04769331634804664,
        -0.12827808506016927,
        0.8631569218195794,
        0.04630974229955522,
        -0.10385857122368636,
        -0.4267956472426229
      ],
      "distance": 0.011851452611250417,
      "reward": 0.9888096451759338,
      "reward_change": -0.0005981922149658203
    },
    {
      "sample_index": 7,
      "S_perturbed": [
        0.14640603992855866,
        0.1442396524683732,
        0.14289836809960701,
        0.1360203718491312,
        0.1475904246057488,
        0.1361179545561539,
        0.14672723319591077
      ],
      "direction": [
        0.29569227473194637,
        0.11518966338814093,
        0.0034343400369819363,
        -0.5696377935681018,
        0.3943747731295823,
        -0.5615072380865428,
        0.3224539803679929
      ],
      "distance": 0.012001972957937581,
      "reward": 0.9888243079185486,
      "reward_change": -0.0005835294723510742
    },
    {
      "sample_index": 8,
      "S_perturbed": [
        0.13732379521590934,
        0.1462900261141358,
        0.1498102761749036,
        0.13434626733891444,
        0.1425751410168094,
        0.13824752266484805,
        0.15140701617796293
      ],
      "direction": [
        -0.34475080585582235,
        0.21388240509019715,
        0.4332085207235383,
        -0.5302630882727253,
        -0.017570277064737534,
        -0.2871987712610327,
        0.5326920166405826
      ],
      "distance": 0.01605030048794011,
      "reward": 0.989906907081604,
      "reward_change": 0.0004990696907043457
    },
    {
      "sample_index": 9,
      "S_perturbed": [
        0.1478274179132684,
        0.13926735087006525,
        0.13109913180344798,
        0.1418920661342946,
        0.14959369234433503,
        0.14833863522981414,
        0.1419817504082582
      ],
      "direction": [
        0.31249873762688657,
        -0.22570358555839068,
        -0.7392690115944344,
        -0.06067825973109584,
        0.4235507886663275,
        0.3446408161910887,
        -0.055039485600382146
      ],
      "distance": 0.015904923993158415,
      "reward": 0.9894797801971436,
      "reward_change": 7.194280624389648e-05
    }
  ],
  "gradient_computed": [
    -0.12201379413724078,
    -0.12960600961708557,
    0.15925686900142205,
    -0.11303140957267752,
    0.15802646126330927,
    0.15961262692988032,
    -0.11224474386760774
  ],
  "gradient_magnitude": 0.3645152523880417,
  "gradient_dot_S": 6.938893903907228e-18,
  "linear_regression": {
    "matrix_rank": 7,
    "residuals": 3.0552929560314217e-08,
    "intercept": -5.8688859628230894e-05,
    "r2_with_intercept": 0.9981394545679303,
    "r2_no_intercept": 0.9960419700571286
  }
}