{
  "base_S": [
    0.1428571492433548,
    0.1428571492433548,
    0.1428571492433548,
    0.1428571492433548,
    0.1428571492433548,
    0.1428571492433548,
    0.1428571492433548
  ],
  "base_reward": 0.9895079731941223,
  "dS": 0.02,
  "distance_mode": "uniform_half",
  "n_samples": 30,
  "n_repeats": 1,
  "samples": [
    {
      "sample_index": 0,
      "S_perturbed": [
        0.13912826779749116,
        0.1365781412433708,
        0.15087425537454785,
        0.1518522144285489,
        0.15047496198779411,
        0.13932277318834152,
        0.13176943068338923
      ],
      "direction": [
        -0.18834270178401338,
        -0.31714747395690274,
        0.40493736557729454,
        0.4543332643578829,
        0.3847693885693079,
        -0.17851839619635496,
        -0.5600314465672143
      ],
      "distance": 0.019798385658393244,
      "reward": 0.9925895929336548,
      "reward_change": 0.0030816197395324707
    },
    {
      "sample_index": 1,
      "S_perturbed": [
        0.14480373269833582,
        0.14210616429951595,
        0.1301382686560642,
        0.14453320149037954,
        0.14347530421209434,
        0.14823282751442954,
        0.1467105458326642
      ],
      "direction": [
        0.13335862549906308,
        -0.051449281367602996,
        -0.8713587021751005,
        0.11482478357446707,
        0.04234922307881444,
        0.368282728141597,
        0.2639926232487619
      ],
      "distance": 0.014596607063820582,
      "reward": 0.9872719645500183,
      "reward_change": -0.002236008644104004
    },
    {
      "sample_index": 2,
      "S_perturbed": [
        0.14743087209943762,
        0.13224645322192385,
        0.14288185287380617,
        0.14944744474159513,
        0.1482537212531253,
        0.14115652243843885,
        0.1385831780751567
      ],
      "direction": [
        0.3034214065020949,
        -0.7039150407871728,
        0.0016388422589474546,
        0.43720111433535824,
        0.3580093331008672,
        -0.11281981731719974,
        -0.28353583809289534
      ],
      "distance": 0.0150738305144968,
      "reward": 0.9905844330787659,
      "reward_change": 0.0010764598846435547
    },
    {
      "sample_index": 3,
      "S_perturbed": [
        0.1423207791837115,
        0.15391415111578216,
        0.1501859300046476,
        0.1319043262314352,
        0.14349473490382364,
        0.14010756884121586,
        0.13807255442286767
      ],
      "direction": [
        -0.02965773173176366,
        0.6113793814444722,
        0.40523330829442117,
        -0.6056189765868369,
        0.03525428784518454,
        -0.15203368733105865,
        -0.264556581934419
      ],
      "distance": 0.018085336548811295,
      "reward": 0.990963876247406,
      "reward_change": 0.0014559030532836914
    },
    {
      "sample_index": 4,
      "S_perturbed": [
        0.13234061526329455,
        0.13578306033987642,
        0.14295779499036954,
        0.13777952155991188,
        0.14728770738206629,
        0.15514161582033448,
        0.14870972934763046
      ],
      "direction": [
        -0.5316921727584439,
        -0.35764993547382395,
        0.005088421338305973,
        -0.25671337159058166,
        0.22399899888790337,
        0.6210748463207446,
        0.29589321327589585
      ],
      "distance": 0.01977936580390112,
      "reward": 0.9938176274299622,
      "reward_change": 0.004309654235839844
    },
    {
      "sample_index": 5,
      "S_perturbed": [
        0.14455384498112386,
        0.14342743417269166,
        0.14419796897622195,
        0.133639218230937,
        0.13178312379281912,
        0.1473326713036872,
        0.1550657832460028
      ],
      "direction": [
        0.0868460777718059,
        0.029190271551220538,
        0.06863041628881691,
        -0.4718236368367316,
        -0.5668286034529337,
        0.22908146008083344,
        0.6249040145969884
      ],
      "distance": 0.019536814802704635,
      "reward": 0.9880132675170898,
      "reward_change": -0.0014947056770324707
    },
    {
      "sample_index": 6,
      "S_perturbed": [
        0.13523534319890113,
        0.14190481620730577,
        0.14159966469461252,
        0.15282466580009726,
        0.14379910153705963,
        0.1394848946142306,
        0.14515155865127663
      ],
      "direction": [
        -0.5721547615624824,
        -0.0714898644744726,
        -0.09439701928359824,
        0.7482428738846075,
        0.0707106015115819,
        -0.25314886419322813,
        0.17223703411759222
      ],
      "distance": 0.01332123152071562,
      "reward": 0.9884741902351379,
      "reward_change": -0.001033782958984375
    },
    {
      "sample_index": 7,
      "S_perturbed": [
        0.14468492380678705,
        0.13459796344658145,
        0.14824223302043368,
        0.15438619896956005,
        0.14500910576791673,
        0.13641784391343348,
        0.13666177577877114
      ],
      "direction": [
        0.10250436573199687,
        -0.4631876482465086,
        0.3020036540756901,
        0.646566569707671,
        0.12068498109462299,
        -0.36112599540655493,
        -0.34744592695691723
      ],
      "distance": 0.01783118748533168,
      "reward": 0.9897889494895935,
      "reward_change": 0.0002809762954711914
    },
    {
      "sample_index": 8,
      "S_perturbed": [
        0.13707476055157614,
        0.14348771833663426,
        0.15295121892811178,
        0.1406867413795364,
        0.14325251409915998,
        0.14365903430132154,
        0.13888805710714347
      ],
      "direction": [
        -0.46150311985313985,
        0.05032688380931489,
        0.805626342302734,
        -0.17322425971296365,
        0.03155479926380728,
        0.06399992732094185,
        -0.31678057313069435
      ],
      "distance": 0.012529468259323473,
      "reward": 0.992485523223877,
      "reward_change": 0.0029775500297546387
    },
    {
      "sample_index": 9,
      "S_perturbed": [
        0.14056009256207397,
        0.15067138204155034,
        0.14751494675565435,
        0.13753720838524353,
        0.14518375173722287,
        0.14384794299146736,
        0.13468472023027114
      ],
      "direction": [
        -0.1668573911374537,
        0.5676231279241217,
        0.33834077656084005,
        -0.38643863681022733,
        0.16900358859418949,
        0.07197091012711909,
        -0.5936423752585895
      ],
      "distance": 0.013766586338321535,
      "reward": 0.991726815700531,
      "reward_change": 0.0022188425064086914
    },
    {
      "sample_index": 10,
      "S_perturbed": [
        0.14728327564819907,
        0.13636935109722734,
        0.1428682160535024,
        0.1524530655053626,
        0.1445054633131546,
        0.1370275654793308,
        0.1394931076067068
      ],
      "direction": [
        0.31158964584776166,
        -0.45672684008100545,
        0.0007790792984994847,
        0.6755315768639913,
        0.11603771566322303,
        -0.41038998309765096,
        -0.23682119449481911
      ],
      "distance": 0.014204985511639262,
      "reward": 0.9881480932235718,
      "reward_change": -0.0013598799705505371
    },
    {
      "sample_index": 11,
      "S_perturbed": [
        0.14003750081759708,
        0.15390085879743737,
        0.14264130537203012,
        0.13293554676645497,
        0.14867314379013183,
        0.1421676135593335,
        0.13964407560049868
      ],
      "direction": [
        -0.17064544258326264,
        0.6683665549938184,
        -0.013062895577552167,
        -0.6004565073926869,
        0.3519846497280621,
        -0.04173077781679453,
        -0.1944555813515844
      ],
      "distance": 0.016523432346468483,
      "reward": 0.9909378886222839,
      "reward_change": 0.001429915428161621
    },
    {
      "sample_index": 12,