{
  "checkpoint_type": "post_rl_training",
  "best_rewards_all": [
    0.9897158059263225,
    0.9897101749981566,
    0.9896624525944595,
    0.9896558550699817,
    0.9896459977635595,
    0.9896451865577782,
    0.989639962817128,
    0.9896375913180032,
    0.9896102169050902,
    0.9896012057059427
  ],
  "best_min_idxs_all": [
    [
      1,
      0,
      1,
      0,
      1,
      0,
      1
    ],
    [
      1,
      0,
      1,
      0,
      1,
      0,
      1
    ],
    [
      1,
      0,
      1,
      0,
      1,
      0,
      1
    ],
    [
      1,
      0,
      1,
      0,
      1,
      0,
      1
    ],
    [
      1,
      0,
      1,
      0,
      1,
      0,
      1
    ],
    [
      1,
      0,
      1,
      0,
      1,
      0,
      1
    ],
    [
      1,
      0,
      1,
      0,
      1,
      0,
      1
    ],
    [
      1,
      0,
      1,
      0,
      1,
      0,
      1
    ],
    [
      1,
      0,
      1,
      0,
      1,
      0,
      1
    ],
    [
      1,
      0,
      1,
      0,
      1,
      0,
      1
    ]
  ],
  "best_ws_all": [
    [
      0.0,
      0.0,
      1.222644383267409,
      0.3607669624859726,
      0.42240912858899193,
      0.4067933103621142,
      0.4155673264463958,
      0.4153981748429193,
      0.42531856435669363,
      0.07021334569403834
    ],
    [
      0.0,
      0.0,
      1.2993595788895522,
      0.37127202099151474,
      0.37445902798799807,
      0.36874765707144336,
      0.370066372088523,
      0.35544407401234396,
      0.3664088229899631,
      0.009074021892368502
    ],
    [
      0.0,
      0.03854038339191899,
      1.3182890794804116,
      0.3034369984635984,
      0.37452751601926165,
      0.37330967564130974,
      0.37053777516382724,
      0.3114828256386798,
      0.3836346617165937,
      0.08618705465147769
    ],
    [
      0.0,
      0.0,
      1.2765824162466042,
      0.3898423746758357,
      0.3838755931925876,
      0.380362169521109,
      0.35301860270706825,
      0.38275592399800984,
      0.39395453439768924,
      0.0
    ],
    [
      0.0,
      0.026121970054904214,
      1.3413547014518108,
      0.3148977163818662,
      0.3666175394453633,
      0.3437808552222043,
      0.3378497621203471,
      0.3235140431514274,
      0.3596254731664443,
      0.014023562800857878
    ],
    [
      0.0,
      0.013125155575298086,
      1.2602877525166052,
      0.3507012986231146,
      0.3939921869344518,
      0.37735321079691037,
      0.3892586665513677,
      0.40217308776893534,
      0.4192028559936746,
      0.043465903228830954
    ],
    [
      0.017320646226252755,
      0.016079739691518196,
      1.290585439564202,
      0.2837541538016836,
      0.39285989348162614,
      0.344115895647651,
      0.3944067388157403,
      0.38056264349176827,
      0.41060624302153104,
      0.1075988242230274
    ],
    [
      0.0,
      0.0,
      1.3036202264668064,
      0.25164995286772,
      0.36622875622396506,
      0.3831139382182621,
      0.4000528834764599,
      0.3909980315633396,
      0.36091767594983887,
      0.11473219142236663
    ],
    [
      0.02031928039812663,
      0.0,
      1.2776461113713273,
      0.4014085369322751,
      0.4054638150862902,
      0.35280465678542877,
      0.38249505243354154,
      0.3573146045932623,
      0.37845806165826074,
      0.0
    ],
    [
      0.0,
      0.0,
      1.2409627401245447,
      0.31782821342249234,
      0.4114583699786697,
      0.41715030659203084,
      0.4137862092940599,
      0.41381127720819544,
      0.41343030462362484,
      0.047967894805904764
    ]
  ],
  "best_optimized_reward": 0.9897158059263225,
  "target": [
    0.1428571492433548,
    0.1428571492433548,
    0.1428571492433548,
    0.1428571492433548,
    0.1428571492433548,
    0.1428571492433548,
    0.1428571492433548
  ],
  "training_summary": {
    "actual_iterations": 98,
    "max_iterations": 2000,
    "early_stopped": true,
    "keep_best_n": 10
  },
  "status": "rl_training_complete"
}