{
  "base_S": [
    0.1428571492433548,
    0.1428571492433548,
    0.1428571492433548,
    0.1428571492433548,
    0.1428571492433548,
    0.1428571492433548,
    0.1428571492433548
  ],
  "base_reward": 0.9886766672134399,
  "dS": 0.02,
  "distance_mode": "uniform_half",
  "n_samples": 20,
  "n_repeats": 1,
  "samples": [
    {
      "sample_index": 0,
      "S_perturbed": [
        0.14123828212113052,
        0.1293194909471988,
        0.14431363901130598,
        0.14399621633429577,
        0.1500565789028543,
        0.1481219559724579,
        0.14295388141424034
      ],
      "direction": [
        -0.09872846316527399,
        -0.8256095760346958,
        0.08882569448207325,
        0.06946730944552539,
        0.4390654527422043,
        0.32108026044309623,
        0.0058993220870705255
      ],
      "distance": 0.016397167243596848,
      "reward": 0.9924247860908508,
      "reward_change": 0.0037481188774108887
    },
    {
      "sample_index": 1,
      "S_perturbed": [
        0.14559017689877576,
        0.14473546834760775,
        0.14942803530189103,
        0.1474415735576573,
        0.14618256386790715,
        0.13115380116848566,
        0.13546842556115893
      ],
      "direction": [
        0.1639718573628251,
        0.11269240969206136,
        0.39422959712850825,
        0.2750490168895456,
        0.1995129509237854,
        -0.7021589106109325,
        -0.44329692138579335
      ],
      "distance": 0.0166676629720277,
      "reward": 0.9888408780097961,
      "reward_change": 0.00016421079635620117
    },
    {
      "sample_index": 2,
      "S_perturbed": [
        0.14590454292505622,
        0.14416107775706952,
        0.1412542878085864,
        0.1400891066023778,
        0.13922669140117613,
        0.1368412246241547,
        0.1525231135850628
      ],
      "direction": [
        0.23794659461380568,
        0.10181334670387285,
        -0.12515462715929765,
        -0.21613430654569835,
        -0.2834734106139811,
        -0.4697354284047729,
        0.7547378314060713
      ],
      "distance": 0.012807048937377868,
      "reward": 0.9856622219085693,
      "reward_change": -0.0030144453048706055
    },
    {
      "sample_index": 3,
      "S_perturbed": [
        0.14933275449454494,
        0.13484955929953127,
        0.1440399192238782,
        0.1400119379993319,
        0.137361259104939,
        0.14536910520088253,
        0.1490355093803757
      ],
      "direction": [
        0.4694982924552009,
        -0.5805711836149404,
        0.08575391251975341,
        -0.2062852457687371,
        -0.3984663881470174,
        0.18212336716559308,
        0.44794724539014735
      ],
      "distance": 0.013792606608485252,
      "reward": 0.9887566566467285,
      "reward_change": 7.998943328857422e-05
    },
    {
      "sample_index": 4,
      "S_perturbed": [
        0.14466134210298512,
        0.14157799673402294,
        0.146910310130665,
        0.13919339593510946,
        0.14915186931559085,
        0.14462686299637795,
        0.13387826748873227
      ],
      "direction": [
        0.14348019580865137,
        -0.10172585016530317,
        0.3223315704033965,
        -0.2913635531011614,
        0.500593749556319,
        0.14073821124702454,
        -0.7140543237489271
      ],
      "distance": 0.012574507927466378,
      "reward": 0.9924115538597107,
      "reward_change": 0.003734886646270752
    },
    {
      "sample_index": 5,
      "S_perturbed": [
        0.14609997140894718,
        0.14657910202864774,
        0.13436107880537254,
        0.15170132543398038,
        0.14449268728021467,
        0.13568344554295664,
        0.14108243420336447
      ],
      "direction": [
        0.2128750443514695,
        0.24432757141296269,
        -0.5577245001248162,
        0.5805759004634495,
        0.10736488600245513,
        -0.4709177424496848,
        -0.11650115965583588
      ],
      "distance": 0.015233453857739592,
      "reward": 0.9844830632209778,
      "reward_change": -0.004193603992462158
    },
    {
      "sample_index": 6,
      "S_perturbed": [
        0.14685720333448385,
        0.14858467670968292,
        0.13937350864541026,
        0.13874234400342558,
        0.14663925590853966,
        0.14055258809424165,
        0.13925046800769963
      ],
      "direction": [
        0.3805334695720191,
        0.5448716065276257,
        -0.33140597933854565,
        -0.39144998514793133,
        0.35979967740586916,
        -0.21923769777457547,
        -0.343111091244462
      ],
      "distance": 0.010511701101161605,
      "reward": 0.9886712431907654,
      "reward_change": -5.424022674560547e-06
    },
    {
      "sample_index": 7,
      "S_perturbed": [
        0.14450906874854427,
        0.14511230969658379,
        0.14625336822061763,
        0.1367753696829724,
        0.15035765857583816,
        0.14728061299846107,
        0.12971165678046626
      ],
      "direction": [
        0.09459397396599341,
        0.12913739957166412,
        0.19447790797842826,
        -0.3482613381550526,
        0.429502153282727,
        0.2533010924415721,
        -0.7527511890853328
      ],
      "distance": 0.017463263630126735,
      "reward": 0.9932200908660889,
      "reward_change": 0.004543423652648926
    },
    {
      "sample_index": 8,
      "S_perturbed": [
        0.15241035795974447,
        0.14761155529185152,
        0.149158180034133,
        0.13724575194217936,
        0.1411454659101845,
        0.13635698834123286,
        0.13607174522415788
      ],
      "direction": [
        0.5747414214687736,
        0.2860352130551403,
        0.379083457812171,
        -0.3375936355049546,
        -0.10297852179476781,
        -0.3910635502239066,
        -0.4082243848124563
      ],
      "distance": 0.016621750859675443,
      "reward": 0.9886475205421448,
      "reward_change": -2.9146671295166016e-05
    },
    {
      "sample_index": 9,
      "S_perturbed": [
        0.15328067787770852,
        0.13347768343223532,
        0.14487889122909994,
        0.14035664775545564,
        0.14153722774807337,
        0.14557406339292328,
        0.1408948532679875
      ],
      "direction": [
        0.7028520885592807,
        -0.6324515781717751,
        0.13632481159265863,
        -0.1686072686962472,
        -0.0890014900170468,
        0.1831998406150943,
        -0.132316403881965
      ],
      "distance": 0.014830330312769036,
      "reward": 0.9898058176040649,
      "reward_change": 0.001129150390625
    },
    {
      "sample_index": 10,
      "S_perturbed": [
        0.1408442555330335,
        0.13927482677243105,
        0.14012449034031915,
        0.14976152016470812,
        0.13854327840556108,
        0.1461697814933656,
        0.14528189199406505
      ],
      "direction": [
        -0.19415431868144847,
        -0.34553408114551004,
        -0.26357950486267545,
        0.6659633468403031,
        -0.4160958172291788,
        0.31952102301536134,
        0.23387935206314853
      ],
      "distance": 0.010367493878021146,
      "reward": 0.9879287481307983,
      "reward_change": -0.0007479190826416016
    },
    {
      "sample_index": 11,
      "S_perturbed": [
        0.14691627923806744,
        0.1447215347636029,
        0.14405676981252993,
        0.13589953403178362,
        0.13491900756566375,
        0.14647076962325978,
        0.14701614966857618
      ],
      "direction": [
        0.31777032431366153,
        0.1459540325603366,
        0.09391269011257948,
        -0.544679191134689,
        -0.6214400274574714,
        0.28289345785047976,
        0.32558871375510295
      ],
      "distance": 0.01277378560593974,
      "reward": 0.9883822202682495,
      "reward_change": -0.0002944469451904297
    },
    {
      "sample_index": 12,