{
  "base_S": [
    0.1428571492433548,
    0.1428571492433548,
    0.1428571492433548,
    0.1428571492433548,
    0.1428571492433548,
    0.1428571492433548,
    0.1428571492433548
  ],
  "base_reward": 0.9894184470176697,
  "dS": 0.02,
  "distance_mode": "uniform_half",
  "n_samples": 30,
  "n_repeats": 1,
  "samples": [
    {
      "sample_index": 0,
      "S_perturbed": [
        0.13281986025444165,
        0.14288657243819874,
        0.14598468888833185,
        0.1450352354189926,
        0.14332530603557844,
        0.1502328382652836,
        0.13971554340265668
      ],
      "direction": [
        -0.748627846362546,
        0.002194519158855415,
        0.23326649969118673,
        0.1624518298378017,
        0.03491731796399429,
        0.5501133019110496,
        -0.23431562220034124
      ],
      "distance": 0.013407581667824154,
      "reward": 0.9923804998397827,
      "reward_change": 0.002962052822113037
    },
    {
      "sample_index": 1,
      "S_perturbed": [
        0.13717227262482515,
        0.14781058032454555,
        0.14493943075267815,
        0.14505733616697006,
        0.14589848777068315,
        0.14809446870323076,
        0.13102746836055076
      ],
      "direction": [
        -0.3649467001106523,
        0.31799077598515557,
        0.1336742758940526,
        0.14124333935107908,
        0.195241961074425,
        0.33621529235605313,
        -0.7594189445501128
      ],
      "distance": 0.015577279139134537,
      "reward": 0.9921266436576843,
      "reward_change": 0.0027081966400146484
    },
    {
      "sample_index": 2,
      "S_perturbed": [
        0.13900397416213686,
        0.1465485833039486,
        0.14175242409077068,
        0.14429895919925625,
        0.1499296145358367,
        0.14179620231182874,
        0.13667028709970577
      ],
      "direction": [
        -0.3500059846756822,
        0.3353141204357336,
        -0.10034851951341206,
        0.13096786486301598,
        0.6424325722560382,
        -0.09637189269376517,
        -0.5619881606719281
      ],
      "distance": 0.011008883418917322,
      "reward": 0.9908385276794434,
      "reward_change": 0.0014200806617736816
    },
    {
      "sample_index": 3,
      "S_perturbed": [
        0.14531263525676086,
        0.14094448842603033,
        0.1489427138618727,
        0.14595373883861984,
        0.13932380743753878,
        0.14944934221358538,
        0.1300733186690757
      ],
      "direction": [
        0.14788905342728687,
        -0.11519576827448988,
        0.3665214894687207,
        0.18650145087216297,
        -0.2128061704462179,
        0.39703471046250965,
        -0.7699447655099723
      ],
      "distance": 0.016603568394690914,
      "reward": 0.991966187953949,
      "reward_change": 0.002547740936279297
    },
    {
      "sample_index": 4,
      "S_perturbed": [
        0.14503972426497957,
        0.14334524340946397,
        0.1417357188564464,
        0.1426240407480737,
        0.13986093628518592,
        0.13721078210446594,
        0.15018359903486805
      ],
      "direction": [
        0.21733638752342102,
        0.048603425670315274,
        -0.11166976013874713,
        -0.02321247048254949,
        -0.29835680062650055,
        -0.5622537710907701,
        0.7295529891448308
      ],
      "distance": 0.010042381979821893,
      "reward": 0.9865550398826599,
      "reward_change": -0.0028634071350097656
    },
    {
      "sample_index": 5,
      "S_perturbed": [
        0.13701916430091002,
        0.13668493151454042,
        0.15464720766149628,
        0.144717273599142,
        0.1416359778015325,
        0.148649072629666,
        0.13664641719619636
      ],
      "direction": [
        -0.343854541962693,
        -0.3635406944278109,
        0.6944288443789136,
        0.1095604416007632,
        -0.07192641826340115,
        0.341141538170709,
        -0.3658091694964807
      ],
      "distance": 0.016978065518989678,
      "reward": 0.9935920238494873,
      "reward_change": 0.004173576831817627
    },
    {
      "sample_index": 6,
      "S_perturbed": [
        0.14068797696326157,
        0.13830476399294675,
        0.1467384894951857,
        0.13960028239761435,
        0.13957302733616078,
        0.1517453752366458,
        0.14335012928166863
      ],
      "direction": [
        -0.18259274912211895,
        -0.3832026370442435,
        0.32671659755383164,
        -0.27415077923772907,
        -0.27644500761413143,
        0.7481773733822304,
        0.04149720208216102
      ],
      "distance": 0.011879838003000086,
      "reward": 0.9920558333396912,
      "reward_change": 0.0026373863220214844
    },
    {
      "sample_index": 7,
      "S_perturbed": [
        0.13619565927731075,
        0.14036143929499328,
        0.14677694140487615,
        0.13724339095755686,
        0.142471560237875,
        0.1505840283833165,
        0.146367025147555
      ],
      "direction": [
        -0.5114312123343852,
        -0.19160637800727617,
        0.3009392894809379,
        -0.430992348632603,
        -0.029603325012956046,
        0.5932257177081163,
        0.2694682567981665
      ],
      "distance": 0.013025192450883514,
      "reward": 0.9925580620765686,
      "reward_change": 0.0031396150588989258
    },
    {
      "sample_index": 8,
      "S_perturbed": [
        0.1445163888939319,
        0.1427328409130781,
        0.13925700021202853,
        0.1473639771876653,
        0.1365275036580573,
        0.15508652137842946,
        0.134515812460293
      ],
      "direction": [
        0.09656523827819033,
        -0.007234556821828764,
        -0.20952322886335556,
        0.2622905703644346,
        -0.3683758002939257,
        0.7117309629175101,
        -0.48545318558102485
      ],
      "distance": 0.017182577086353405,
      "reward": 0.9901769757270813,
      "reward_change": 0.0007585287094116211
    },
    {
      "sample_index": 9,
      "S_perturbed": [
        0.1383762704736755,
        0.14828323901333865,
        0.14332423208676554,
        0.1578571645425514,
        0.13553678023299653,
        0.14088033382034673,
        0.13574202453380926
      ],
      "direction": [
        -0.22900408230169267,
        0.27731094103014203,
        0.023871183179052683,
        0.7666051492729212,
        -0.3741217902770499,
        -0.10102902245181616,
        -0.363632378451557
      ],
      "distance": 0.019566807388944864,
      "reward": 0.9868195056915283,
      "reward_change": -0.0025989413261413574
    },
    {
      "sample_index": 10,
      "S_perturbed": [
        0.14187817357389917,
        0.14677899525781649,
        0.1389335162960633,
        0.14829809925625506,
        0.13879636701123388,
        0.14893494486547332,
        0.13637994844274237
      ],
      "direction": [
        -0.07820008312543973,
        0.3132750832373746,
        -0.3134178225313037,
        0.4346203450865712,
        -0.3243732382876716,
        0.4854912514152561,
        -0.5173955357947867
      ],
      "distance": 0.012518857146037432,
      "reward": 0.9888547658920288,
      "reward_change": -0.0005636811256408691
    },
    {
      "sample_index": 11,
      "S_perturbed": [
        0.13655361248762182,
        0.15245209906567048,
        0.13793254090162338,
        0.1378458038277575,
        0.1363029738477514,
        0.15347548550172638,
        0.14543752907133264
      ],
      "direction": [
        -0.3400975115047315,
        0.5176805790200997,
        -0.2656995758190906,
        -0.2703793395961738,
        -0.35362032909270585,
        0.5728958008388298,
        0.1392203761537723
      ],
      "distance": 0.01853449832033033,
      "reward": 0.9892364740371704,
      "reward_change": -0.00018197298049926758
    },
    {
      "sample_index": 12,