{
  "checkpoint_type": "post_rl_training",
  "best_rewards_all": [
    0.9897209398524778,
    0.9897167529069913,
    0.9896682144663551,
    0.98966776594434,
    0.9896674336517736,
    0.9896619090900659,
    0.9896608528275728,
    0.989655838367276,
    0.9896537486536533,
    0.9896526483546247
  ],
  "best_min_idxs_all": [
    [
      0,
      0,
      0,
      0,
      0,
      0,
      0
    ],
    [
      0,
      0,
      0,
      0,
      0,
      0,
      0
    ],
    [
      0,
      0,
      0,
      0,
      0,
      0,
      0
    ],
    [
      0,
      0,
      0,
      0,
      0,
      0,
      0
    ],
    [
      0,
      0,
      0,
      0,
      0,
      0,
      0
    ],
    [
      0,
      0,
      0,
      0,
      0,
      0,
      0
    ],
    [
      0,
      0,
      0,
      0,
      0,
      0,
      0
    ],
    [
      0,
      0,
      0,
      0,
      0,
      0,
      0
    ],
    [
      0,
      0,
      0,
      0,
      0,
      0,
      0
    ],
    [
      0,
      0,
      0,
      0,
      0,
      0,
      0
    ]
  ],
  "best_ws_all": [
    [
      0.39936654250201986,
      0.39650304492276417,
      0.39378635213550917,
      0.0,
      0.39992612447130926,
      0.3174871667514385,
      0.0818900638306255,
      0.09177608564836667,
      0.32292368403335603,
      1.2837743044326273
    ],
    [
      0.4592644197782543,
      0.46005852981179796,
      0.4460810591613266,
      0.0,
      0.4435250071758384,
      0.3814260768153993,
      0.05612181417472446,
      0.0,
      0.44612928425869147,
      1.1550120129964496
    ],
    [
      0.4250704188480433,
      0.417951097610005,
      0.4609434626456247,
      0.0,
      0.4344877310540754,
      0.27243186601244596,
      0.15275895128201855,
      0.01638778198424479,
      0.41258018701935706,
      1.2146349928680586
    ],
    [
      0.4209880073729414,
      0.40740904467447386,
      0.42923862124849155,
      0.0,
      0.43033645406528614,
      0.3049871897842828,
      0.10422094704480683,
      0.01144560741422732,
      0.435763979272711,
      1.2220684395731296
    ],
    [
      0.45108711594507817,
      0.44694426276666477,
      0.46797474987404597,
      0.0,
      0.46611194486647467,
      0.396992635954183,
      0.09439806371957266,
      0.0,
      0.45361864502537574,
      1.1349962579633988
    ],
    [
      0.4533782790071094,
      0.49086053671245455,
      0.48212478823804866,
      0.0008927813049286221,
      0.44933692505239403,
      0.28509593602115757,
      0.17145093703780775,
      0.07337430099049277,
      0.38894472642317923,
      1.162677248470169
    ],
    [
      0.3485660373838683,
      0.3599597412769457,
      0.3727344974793559,
      0.0,
      0.3398918647513312,
      0.3594882537044919,
      0.0,
      0.08187626165307965,
      0.2914911789262303,
      1.3317547006642874
    ],
    [
      0.47268502205606616,
      0.42684546296956366,
      0.4574188392088993,
      0.0,
      0.4323677329917936,
      0.3796482420320821,
      0.061204048470061306,
      0.03077552047719517,
      0.4128809408449805,
      1.1742663422195243
    ],
    [
      0.44050279144503063,
      0.46028428232166124,
      0.4873479836021711,
      0.0,
      0.4829397127379666,
      0.2704611186567793,
      0.2097714266852865,
      0.03471662066426218,
      0.446692060314052,
      1.1425692706613555
    ],
    [
      0.43213984765878966,
      0.4118943703206125,
      0.4352769749598704,
      0.0,
      0.4406060331741496,
      0.3745162610224187,
      0.03362692778423388,
      0.12968516104118788,
      0.3209655773665729,
      1.224241853341485
    ]
  ],
  "best_optimized_reward": 0.9897209398524778,
  "target": [
    0.1428571492433548,
    0.1428571492433548,
    0.1428571492433548,
    0.1428571492433548,
    0.1428571492433548,
    0.1428571492433548,
    0.1428571492433548
  ],
  "training_summary": {
    "actual_iterations": 120,
    "max_iterations": 2000,
    "early_stopped": true,
    "keep_best_n": 10
  },
  "status": "rl_training_complete"
}