{
  "base_S": [
    0.1428571492433548,
    0.1428571492433548,
    0.1428571492433548,
    0.1428571492433548,
    0.1428571492433548,
    0.1428571492433548,
    0.1428571492433548
  ],
  "base_reward": 0.9892914891242981,
  "dS": 0.02,
  "distance_mode": "uniform_half",
  "n_samples": 30,
  "n_repeats": 1,
  "samples": [
    {
      "sample_index": 0,
      "S_perturbed": [
        0.13475179829912276,
        0.153082604141209,
        0.1405068733091018,
        0.13671091843143052,
        0.14662016202362,
        0.14924097848166276,
        0.13908671001733677
      ],
      "direction": [
        -0.48208032642849397,
        0.6081773224816805,
        -0.1397868886094323,
        -0.3655581327081033,
        0.2238119536027955,
        0.37968972648337945,
        -0.22425365482182533
      ],
      "distance": 0.016813278824881244,
      "reward": 0.9914752840995789,
      "reward_change": 0.0021837949752807617
    },
    {
      "sample_index": 1,
      "S_perturbed": [
        0.15027801463832385,
        0.13776845838340987,
        0.1441046055952718,
        0.13773857454638985,
        0.14364012481732463,
        0.14089203831311886,
        0.1455782284096447
      ],
      "direction": [
        0.6757449060222119,
        -0.46337680902564216,
        0.11359352722722268,
        -0.4660980348616975,
        0.07129785105772568,
        -0.1789432404710862,
        0.24778180005126482
      ],
      "distance": 0.01098175558385214,
      "reward": 0.9895435571670532,
      "reward_change": 0.00025206804275512695
    },
    {
      "sample_index": 2,
      "S_perturbed": [
        0.14592587467090515,
        0.1423229501787169,
        0.1467771391827522,
        0.13899810490700312,
        0.14660739057575128,
        0.13514075198976544,
        0.14422783319858948
      ],
      "direction": [
        0.28560576508891133,
        -0.04971781808693103,
        0.3648328116067851,
        -0.3591606144690389,
        0.3490343369892714,
        -0.7181638088424888,
        0.1275693277134906
      ],
      "distance": 0.010744620041528355,
      "reward": 0.9893004894256592,
      "reward_change": 9.000301361083984e-06
    },
    {
      "sample_index": 3,
      "S_perturbed": [
        0.14633445472957554,
        0.14219687671847028,
        0.13738388178989439,
        0.12829336126110347,
        0.15210304273635838,
        0.14498082311205798,
        0.14870760435602354
      ],
      "direction": [
        0.1786613720961508,
        -0.033924311717998354,
        -0.28121241488829235,
        -0.7482766050141844,
        0.4750471375784183,
        0.10911278539396302,
        0.30059203655194255
      ],
      "distance": 0.019463107472102864,
      "reward": 0.9910006523132324,
      "reward_change": 0.0017091631889343262
    },
    {
      "sample_index": 4,
      "S_perturbed": [
        0.13863359706019432,
        0.14175089022986034,
        0.15182299659631696,
        0.13762493016148902,
        0.14485312383244173,
        0.1409890017832742,
        0.144325505039907
      ],
      "direction": [
        -0.3615627009134446,
        -0.09470274770692932,
        0.7675330727153203,
        -0.4479109481712718,
        0.17086801159038825,
        -0.15992520326004164,
        0.12570051574597893
      ],
      "distance": 0.0116813824337803,
      "reward": 0.991890013217926,
      "reward_change": 0.0025985240936279297
    },
    {
      "sample_index": 5,
      "S_perturbed": [
        0.14006687114887692,
        0.1393825714744671,
        0.14530454578578403,
        0.14757040878545855,
        0.1482701280080333,
        0.14402735531591107,
        0.13537816418495263
      ],
      "direction": [
        -0.24044487883660126,
        -0.2994126041780373,
        0.21089796256298365,
        0.4061527493511899,
        0.4664492137160115,
        0.10083943169911849,
        -0.6444818743146647
      ],
      "distance": 0.01160464763474572,
      "reward": 0.9917117357254028,
      "reward_change": 0.0024202466011047363
    },
    {
      "sample_index": 6,
      "S_perturbed": [
        0.1388688183976073,
        0.14499707521196595,
        0.14716021155834333,
        0.14731583132393947,
        0.14153703018075314,
        0.14559437820675591,
        0.13452669982411847
      ],
      "direction": [
        -0.34010895333168967,
        0.18248435486931963,
        0.3669479982164084,
        0.3802186313814204,
        -0.1125744904371172,
        0.23341997286011607,
        -0.7103875135584572
      ],
      "distance": 0.01172662703136155,
      "reward": 0.9909501075744629,
      "reward_change": 0.001658618450164795
    },
    {
      "sample_index": 7,
      "S_perturbed": [
        0.1412730951791415,
        0.13593002553367184,
        0.13942806273412364,
        0.1530812390129634,
        0.15065859935305162,
        0.1382928598191332,
        0.1413361630713984
      ],
      "direction": [
        -0.10002572522355574,
        -0.4374159875145671,
        -0.21653103431826362,
        0.6456042234036564,
        0.49262567651398864,
        -0.2882138748305335,
        -0.0960432780307249
      ],
      "distance": 0.015836466675677414,
      "reward": 0.9891826510429382,
      "reward_change": -0.00010883808135986328
    },
    {
      "sample_index": 8,
      "S_perturbed": [
        0.14390461675329774,
        0.1481992614828356,
        0.13873585349501058,
        0.1413873727918671,
        0.1419934670728259,
        0.14818069753480675,
        0.1375987755728399
      ],
      "direction": [
        0.10197149057732034,
        0.5200573217978609,
        -0.4012102204406538,
        -0.14308347910648556,
        -0.08407989505916554,
        0.5182501120910867,
        -0.5119053298599628
      ],
      "distance": 0.010272160424571814,
      "reward": 0.9895433187484741,
      "reward_change": 0.0002518296241760254
    },
    {
      "sample_index": 9,
      "S_perturbed": [
        0.1467451313403658,
        0.1394583922215658,
        0.13920726860950494,
        0.14738885656117548,
        0.14145819810499302,
        0.13588586342955097,
        0.14985633443632757
      ],
      "direction": [
        0.3073043377024235,
        -0.2686362101294867,
        -0.28848490628092416,
        0.35818408655603656,
        -0.11057246209616478,
        -0.5510072619913164,
        0.5532124162394317
      ],
      "distance": 0.012651894620426419,
      "reward": 0.9856082797050476,
      "reward_change": -0.0036832094192504883
    },
    {
      "sample_index": 10,
      "S_perturbed": [
        0.1386714951937136,
        0.14441642050609305,
        0.1334109053548886,
        0.15782884585510465,
        0.14178410554702042,
        0.13772887798284594,
        0.14615939426381727
      ],
      "direction": [
        -0.21710663199049504,
        0.08087819208128054,
        -0.48996935037225703,
        0.7765703013222434,
        -0.05565794500139274,
        -0.2659994562613628,
        0.1712848902219839
      ],
      "distance": 0.019279254674377834,
      "reward": 0.9842713475227356,
      "reward_change": -0.0050201416015625
    },
    {
      "sample_index": 11,
      "S_perturbed": [
        0.1435607035201221,
        0.14274570338944725,
        0.1358271309071729,
        0.14252978909830713,
        0.14823402733317564,
        0.150114427264522,
        0.13698826319073654
      ],
      "direction": [
        0.054596789871245055,
        -0.008648353181462006,
        -0.5455391951493654,
        -0.025403602311267363,
        0.417253214040725,
        0.5631748626125225,
        -0.45543371588239756
      ],
      "distance": 0.012886367100089127,
      "reward": 0.990948498249054,
      "reward_change": 0.0016570091247558594
    },
    {
      "sample_index": 12,