{
  "base_S": [
    0.1428571492433548,
    0.1428571492433548,
    0.1428571492433548,
    0.1428571492433548,
    0.1428571492433548,
    0.1428571492433548,
    0.1428571492433548
  ],
  "base_reward": 0.9875699877738953,
  "dS": 0.02,
  "distance_mode": "uniform_half",
  "n_samples": 30,
  "n_repeats": 1,
  "samples": [
    {
      "sample_index": 0,
      "S_perturbed": [
        0.14441155678258108,
        0.1467910421594049,
        0.1513013137859332,
        0.14034589720489757,
        0.14818338535069472,
        0.1365084752182774,
        0.13245837420169473
      ],
      "direction": [
        0.09419597003725506,
        0.23839105890754556,
        0.5117102498346671,
        -0.15218005304339877,
        0.32276604694549427,
        -0.3847250435623605,
        -0.6301582291192026
      ],
      "distance": 0.016501847569609394,
      "reward": 0.9898723363876343,
      "reward_change": 0.0023023486137390137
    },
    {
      "sample_index": 1,
      "S_perturbed": [
        0.14074080842899717,
        0.14274789894259937,
        0.13916603120774151,
        0.14211866694644767,
        0.14698737082195057,
        0.13809593564443748,
        0.1501433327113098
      ],
      "direction": [
        -0.2004440509810998,
        -0.010347375387629336,
        -0.34959522903323015,
        -0.06994354697772184,
        0.3911838485780832,
        -0.45094671655848806,
        0.6900930703600858
      ],
      "distance": 0.01055826203870315,
      "reward": 0.9871999621391296,
      "reward_change": -0.000370025634765625
    },
    {
      "sample_index": 2,
      "S_perturbed": [
        0.13997911086207127,
        0.15005625521293295,
        0.14154632307812168,
        0.13569972008737552,
        0.1455996806620864,
        0.14859348609105455,
        0.13852546870984123
      ],
      "direction": [
        -0.21929047047327646,
        0.5485317170619908,
        -0.0998776417826848,
        -0.5453561763460075,
        0.20896559580737062,
        0.43707686954621733,
        -0.3300498938136096
      ],
      "distance": 0.013124320336730094,
      "reward": 0.9893325567245483,
      "reward_change": 0.0017625689506530762
    },
    {
      "sample_index": 3,
      "S_perturbed": [
        0.1326899130472929,
        0.14734974208434154,
        0.14786908603771678,
        0.15185318150443966,
        0.13907438620356868,
        0.14285995840417143,
        0.13830377742195257
      ],
      "direction": [
        -0.6249851249830779,
        0.27616194254538384,
        0.30808627668597793,
        0.5529906297665891,
        -0.2325283474891449,
        0.00017268052892834444,
        -0.27989805705465587
      ],
      "distance": 0.01626796509170865,
      "reward": 0.9878382682800293,
      "reward_change": 0.0002682805061340332
    },
    {
      "sample_index": 4,
      "S_perturbed": [
        0.14463595502707974,
        0.14974192871606753,
        0.137107410142428,
        0.14881127312124484,
        0.1399131510213504,
        0.1337050686778685,
        0.1460852579974446
      ],
      "direction": [
        0.11940611643172595,
        0.46215544543822795,
        -0.3859634496463266,
        0.3996832119150549,
        -0.19762213373026047,
        -0.6143528470581939,
        0.21669365664977203
      ],
      "distance": 0.014897107760321639,
      "reward": 0.981368899345398,
      "reward_change": -0.0062010884284973145
    },
    {
      "sample_index": 5,
      "S_perturbed": [
        0.14300778451743953,
        0.13814331979783034,
        0.14209784618686472,
        0.14791733282348915,
        0.15369512409797403,
        0.1296606022510156,
        0.14547803502887013
      ],
      "direction": [
        0.008087638535784007,
        -0.2530864626919238,
        -0.040767135701249034,
        0.27168228669874456,
        0.5818930766160619,
        -0.7085252949085619,
        0.1407158914511441
      ],
      "distance": 0.018625371722321142,
      "reward": 0.9868334531784058,
      "reward_change": -0.000736534595489502
    },
    {
      "sample_index": 6,
      "S_perturbed": [
        0.1448905629800204,
        0.14488711513995417,
        0.144878307900598,
        0.13815690193281363,
        0.13054498706084613,
        0.14929362890681014,
        0.14734854078244114
      ],
      "direction": [
        0.12922011837790331,
        0.12900101377883863,
        0.12844132811739792,
        -0.2986930317828564,
        -0.7824177765812754,
        0.4090277591084498,
        0.28542058898154216
      ],
      "distance": 0.01573604607541751,
      "reward": 0.9859837293624878,
      "reward_change": -0.0015862584114074707
    },
    {
      "sample_index": 7,
      "S_perturbed": [
        0.15347197409141725,
        0.14588549041065438,
        0.14288667400740532,
        0.14441954704631435,
        0.1388237076925494,
        0.1424095770484055,
        0.13210307440673735
      ],
      "direction": [
        0.6629005680487456,
        0.1891212628359778,
        0.0018438347444017114,
        0.09757244287352086,
        -0.2518902321509674,
        -0.02795108412258531,
        -0.6715967922290935
      ],
      "distance": 0.016012695356872747,
      "reward": 0.9858577251434326,
      "reward_change": -0.0017122626304626465
    },
    {
      "sample_index": 8,
      "S_perturbed": [
        0.14951459523279254,
        0.14107845522770165,
        0.1409657465596301,
        0.1345304786095357,
        0.14609871091562132,
        0.14416411228260007,
        0.1436479458756022
      ],
      "direction": [
        0.5767592156377941,
        -0.15409485363536213,
        -0.16385922319925733,
        -0.7213703319944396,
        0.280828499473244,
        0.11322705112119923,
        0.06850964259682135
      ],
      "distance": 0.011542851520934583,
      "reward": 0.9885621070861816,
      "reward_change": 0.000992119312286377
    },
    {
      "sample_index": 9,
      "S_perturbed": [
        0.13607188770422435,
        0.14197861450187302,
        0.14745997109728215,
        0.13498672890281418,
        0.15147459457129486,
        0.14186540856752325,
        0.14616283935847177
      ],
      "direction": [
        -0.4615582996128328,
        -0.059761145401787966,
        0.31310077232362,
        -0.5353747690739291,
        0.5861901401490103,
        -0.06746182698395359,
        0.22486512859987337
      ],
      "distance": 0.01470076812576462,
      "reward": 0.9908322095870972,
      "reward_change": 0.0032622218132019043
    },
    {
      "sample_index": 10,
      "S_perturbed": [
        0.1390101223722374,
        0.14533096025533992,
        0.13372637007441415,
        0.15061567561336087,
        0.1531105589048472,
        0.1414473062286596,
        0.13675905125462445
      ],
      "direction": [
        -0.21892337848634058,
        0.14077756216015033,
        -0.5196067225016759,
        0.44151571119744776,
        0.583492436965071,
        -0.08023016377392539,
        -0.3470254455607273
      ],
      "distance": 0.017572480827384218,
      "reward": 0.9871691465377808,
      "reward_change": -0.00040084123611450195
    },
    {
      "sample_index": 11,
      "S_perturbed": [
        0.1425667462672361,
        0.13215447580893075,
        0.14041269499464928,
        0.15054439369778327,
        0.14204571655449863,
        0.144585149901232,
        0.14769086747915355
      ],
      "direction": [
        -0.020198561817590027,
        -0.7444090755128214,
        -0.17002050362103666,
        0.5346752447062879,
        -0.05643803498754604,
        0.12018860335199467,
        0.3362023278807114
      ],
      "distance": 0.014377408586872772,
      "reward": 0.9873712062835693,
      "reward_change": -0.00019878149032592773
    },
    {
      "sample_index": 12,