{
  "base_S": [
    0.1428571492433548,
    0.1428571492433548,
    0.1428571492433548,
    0.1428571492433548,
    0.1428571492433548,
    0.1428571492433548,
    0.1428571492433548
  ],
  "base_reward": 0.9896419048309326,
  "dS": 0.02,
  "distance_mode": "uniform_half",
  "n_samples": 30,
  "n_repeats": 1,
  "samples": [
    {
      "sample_index": 0,
      "S_perturbed": [
        0.1505665718086793,
        0.14629160345116274,
        0.142431314593861,
        0.1361642363953074,
        0.1462796874184842,
        0.13881448320610973,
        0.1394521478298792
      ],
      "direction": [
        0.6175288399032838,
        0.2751016051692215,
        -0.03410958147180713,
        -0.536105871951842,
        0.2741471246262418,
        -0.3238196955664303,
        -0.272742420708668
      ],
      "distance": 0.012484311771628249,
      "reward": 0.989162266254425,
      "reward_change": -0.00047963857650756836
    },
    {
      "sample_index": 1,
      "S_perturbed": [
        0.13406211682837726,
        0.13778903851882265,
        0.15406025124053702,
        0.14433417422077505,
        0.13321792589553968,
        0.14536424840290826,
        0.15117228959652362
      ],
      "direction": [
        -0.44026307940470916,
        -0.25370026272407425,
        0.5608065952963394,
        0.0739371424952697,
        -0.48252171839092456,
        0.12550075363886995,
        0.4162405690892292
      ],
      "distance": 0.01997676577120554,
      "reward": 0.9907249212265015,
      "reward_change": 0.0010830163955688477
    },
    {
      "sample_index": 2,
      "S_perturbed": [
        0.14015853460997146,
        0.14592648149861134,
        0.15345182036916746,
        0.13261125225500273,
        0.14451246907775825,
        0.1450528787695437,
        0.1382866081234286
      ],
      "direction": [
        -0.1666002144586937,
        0.18948663719711317,
        0.6540668904128764,
        -0.6325351587681353,
        0.10219193062908523,
        0.13555437128039816,
        -0.28216445629264425
      ],
      "distance": 0.016198146215786646,
      "reward": 0.9932646751403809,
      "reward_change": 0.003622770309448242
    },
    {
      "sample_index": 3,
      "S_perturbed": [
        0.14327160065314834,
        0.1529265823060565,
        0.15354849066499085,
        0.14056619022418312,
        0.13753644767247505,
        0.1385875540455937,
        0.13356317913703603
      ],
      "direction": [
        0.02202673277879653,
        0.5351573334413164,
        0.5682097224824606,
        -0.12175695613535353,
        -0.28277783336741813,
        -0.22691497790190623,
        -0.49394402129789566
      ],
      "distance": 0.018815836826808388,
      "reward": 0.9897947311401367,
      "reward_change": 0.00015282630920410156
    },
    {
      "sample_index": 4,
      "S_perturbed": [
        0.1469474071721318,
        0.1396219222014602,
        0.1424645876614128,
        0.13795736453243948,
        0.15470319685342201,
        0.13307281297360396,
        0.14523275330901333
      ],
      "direction": [
        0.23892913331453428,
        -0.18898319046269646,
        -0.022931169666855048,
        -0.286216990417726,
        0.6919773613206691,
        -0.5715441484856478,
        0.13876900439772188
      ],
      "distance": 0.017119125960217134,
      "reward": 0.9900204539299011,
      "reward_change": 0.00037854909896850586
    },
    {
      "sample_index": 5,
      "S_perturbed": [
        0.1451700548359038,
        0.13605257913143123,
        0.1392792236229338,
        0.13793382099946688,
        0.1421515806701624,
        0.14256386085761413,
        0.15684892458597133
      ],
      "direction": [
        0.13699363799490538,
        -0.4030353930687096,
        -0.21192090537360103,
        -0.2916092422215809,
        -0.04179089972711674,
        -0.017371501488734037,
        0.8287343038848369
      ],
      "distance": 0.0168833066002308,
      "reward": 0.9881860613822937,
      "reward_change": -0.001455843448638916
    },
    {
      "sample_index": 6,
      "S_perturbed": [
        0.1481578134234916,
        0.1362490693694503,
        0.1429531304858221,
        0.14823071957876333,
        0.13688621120011524,
        0.14347329483044677,
        0.14404980581539428
      ],
      "direction": [
        0.45105518779845655,
        -0.5623085347833285,
        0.008167436357964979,
        0.45725907064034393,
        -0.5080915313440723,
        0.052430347226748504,
        0.10148802410388658
      ],
      "distance": 0.011751697627087864,
      "reward": 0.9870690703392029,
      "reward_change": -0.0025728344917297363
    },
    {
      "sample_index": 7,
      "S_perturbed": [
        0.1494964977248298,
        0.14243000041613849,
        0.1323456655566229,
        0.1425302843491703,
        0.14994744144563008,
        0.1368470146985531,
        0.14640314051253892
      ],
      "direction": [
        0.416729624760232,
        -0.026810698516473084,
        -0.6597705580099203,
        -0.020516212559237794,
        0.4450338488993036,
        -0.37723597738573467,
        0.22256997281183005
      ],
      "distance": 0.015932029035120795,
      "reward": 0.9865885972976685,
      "reward_change": -0.00305330753326416
    },
    {
      "sample_index": 8,
      "S_perturbed": [
        0.14061048261204395,
        0.14225887810440194,
        0.13942548836823881,
        0.1326200410892125,
        0.1432392317473696,
        0.1512873934397448,
        0.150558529342472
      ],
      "direction": [
        -0.14138471417544202,
        -0.03764973085077352,
        -0.21595744789792667,
        -0.644230252136703,
        0.024044789230724624,
        0.5305227084092795,
        0.484654647420841
      ],
      "distance": 0.0158904492922975,
      "reward": 0.9909638166427612,
      "reward_change": 0.0013219118118286133
    },
    {
      "sample_index": 9,
      "S_perturbed": [
        0.14473137495548868,
        0.1379117422297398,
        0.14329084090812633,
        0.15057544395282402,
        0.1328219468380286,
        0.14736922767146615,
        0.14329946814781003
      ],
      "direction": [
        0.12964609204402877,
        -0.34208936988295907,
        0.029999817591704378,
        0.5338987400762485,
        -0.6941665383728588,
        0.3121146676270843,
        0.03059659091675178
      ],
      "distance": 0.014456476725093852,
      "reward": 0.9879963994026184,
      "reward_change": -0.001645505428314209
    },
    {
      "sample_index": 10,
      "S_perturbed": [
        0.1416297127899559,
        0.1477223935935204,
        0.13754417880810568,
        0.14542976569424096,
        0.14325571245736038,
        0.13479381824081682,
        0.14962446311948346
      ],
      "direction": [
        -0.09386553421902007,
        0.37205898421035893,
        -0.4062978631712867,
        0.19673524998739034,
        0.03047925527964228,
        -0.6166257080292521,
        0.5175156159421677
      ],
      "distance": 0.013076540432134359,
      "reward": 0.9854199290275574,
      "reward_change": -0.004221975803375244
    },
    {
      "sample_index": 11,
      "S_perturbed": [
        0.1399148243742044,
        0.13932785710105286,
        0.1452023564983301,
        0.14708005896058568,
        0.13647602539874373,
        0.14151128684952172,
        0.15048763552104505
      ],
      "direction": [
        -0.2441779771669928,
        -0.2928892812531241,
        0.19462431547288073,
        0.35045129221574456,
        -0.5295574016200009,
        -0.1116905751356346,
        0.6332396274871273
      ],
      "distance": 0.012049919092982501,
      "reward": 0.9878249168395996,
      "reward_change": -0.0018169879913330078
    },
    {
      "sample_index": 12,