{
  "base_S": [
    0.1428571492433548,
    0.1428571492433548,
    0.1428571492433548,
    0.1428571492433548,
    0.1428571492433548,
    0.1428571492433548,
    0.1428571492433548
  ],
  "base_reward": 0.9886766672134399,
  "dS": 0.02,
  "distance_mode": "uniform_half",
  "n_samples": 30,
  "n_repeats": 1,
  "samples": [
    {
      "sample_index": 0,
      "S_perturbed": [
        0.14897448915703357,
        0.14341849861142592,
        0.1475618369744342,
        0.12983107890461534,
        0.13820152059449217,
        0.13914162119803247,
        0.1528709992634499
      ],
      "direction": [
        0.320061731006726,
        0.029370028963508654,
        0.24615118994586754,
        -0.6815293378597177,
        -0.24358439866117945,
        -0.19439794985574907,
        0.523928736460544
      ],
      "distance": 0.01911300015293057,
      "reward": 0.9877364039421082,
      "reward_change": -0.0009402632713317871
    },
    {
      "sample_index": 1,
      "S_perturbed": [
        0.1515208621089551,
        0.1320091821862835,
        0.14104203138431906,
        0.1462806043680638,
        0.14666372440836659,
        0.14289900350774848,
        0.13958463673974703
      ],
      "direction": [
        0.5676346000288619,
        -0.7107439428211316,
        -0.11892403590727804,
        0.22430009057049943,
        0.24940159084110464,
        0.002742234074139954,
        -0.21441053678619656
      ],
      "distance": 0.015262834339484947,
      "reward": 0.9894410371780396,
      "reward_change": 0.0007643699645996094
    },
    {
      "sample_index": 2,
      "S_perturbed": [
        0.1371359161274535,
        0.1441828095269418,
        0.15211638120534257,
        0.15203597531812743,
        0.13219800555814046,
        0.14119967102759712,
        0.14113128593988072
      ],
      "direction": [
        -0.3179359418063061,
        0.07366856798860633,
        0.5145468773253913,
        0.5100786235485139,
        -0.5923416888901715,
        -0.0921080974808934,
        -0.09590834068514059
      ],
      "distance": 0.017994924019590137,
      "reward": 0.9883925914764404,
      "reward_change": -0.0002840757369995117
    },
    {
      "sample_index": 3,
      "S_perturbed": [
        0.13541519751786235,
        0.14057819574774966,
        0.14474965558320968,
        0.14876180833700814,
        0.14216448044089505,
        0.14993657089851412,
        0.1383941361782446
      ],
      "direction": [
        -0.571546545110904,
        -0.17502505322894274,
        0.14534567006654048,
        0.45348150989409053,
        -0.05319739707472835,
        0.5437040090611288,
        -0.34276219360718463
      ],
      "distance": 0.013020727339097794,
      "reward": 0.991418182849884,
      "reward_change": 0.002741515636444092
    },
    {
      "sample_index": 4,
      "S_perturbed": [
        0.13791257931515544,
        0.15575092532676035,
        0.13690324829583392,
        0.14946400118160777,
        0.13329727228555938,
        0.1395668629449377,
        0.14710515535362903
      ],
      "direction": [
        -0.2503586290087699,
        0.6528511376848969,
        -0.3014641313846628,
        0.334525027928426,
        -0.4840456750336185,
        -0.16659721243299794,
        0.21508948224672625
      ],
      "distance": 0.019749948095562363,
      "reward": 0.9825494885444641,
      "reward_change": -0.00612717866897583
    },
    {
      "sample_index": 5,
      "S_perturbed": [
        0.15588973104222584,
        0.13106785789720685,
        0.14542369547095116,
        0.14898684530692102,
        0.14135027694703867,
        0.14023721237456407,
        0.13704442566457598
      ],
      "direction": [
        0.6549793623907393,
        -0.5924952283520326,
        0.1289870907883379,
        0.3080605578636321,
        -0.0757309849327707,
        -0.1316703479254737,
        -0.2921304498324326
      ],
      "distance": 0.019897698381367054,
      "reward": 0.9885246157646179,
      "reward_change": -0.00015205144882202148
    },
    {
      "sample_index": 6,
      "S_perturbed": [
        0.14192816237044742,
        0.1444393872426339,
        0.14995309743619442,
        0.14377162198404356,
        0.14857443203521858,
        0.13940005217837403,
        0.13193329145657168
      ],
      "direction": [
        -0.06284334084742707,
        0.10703393642071653,
        0.4800208742699548,
        0.06186150075396676,
        0.3867580497513165,
        -0.23386286236456932,
        -0.7389681579839581
      ],
      "distance": 0.014782582535877366,
      "reward": 0.9919694066047668,
      "reward_change": 0.0032927393913269043
    },
    {
      "sample_index": 7,
      "S_perturbed": [
        0.14079752268166013,
        0.14399042671286474,
        0.14011376333439357,
        0.1489599665223466,
        0.14591482287969398,
        0.13374355085328715,
        0.14647999171923742
      ],
      "direction": [
        -0.16499257629984432,
        0.09078459796282803,
        -0.2197671739734083,
        0.48888452124037907,
        0.2449441370228872,
        -0.7300721915831894,
        0.2902186856303478
      ],
      "distance": 0.012483146865660603,
      "reward": 0.9864578247070312,
      "reward_change": -0.0022188425064086914
    },
    {
      "sample_index": 8,
      "S_perturbed": [
        0.14767547556967353,
        0.14146809398038326,
        0.1436488631370738,
        0.1414819164839639,
        0.14760227803283446,
        0.13259764996970858,
        0.14552576752984603
      ],
      "direction": [
        0.37791211392279944,
        -0.10894671203937054,
        0.062095892003645084,
        -0.10786258215814176,
        0.37217106734201927,
        -0.8046754818400406,
        0.20930570276908908
      ],
      "distance": 0.012749859421820539,
      "reward": 0.9877176284790039,
      "reward_change": -0.0009590387344360352
    },
    {
      "sample_index": 9,
      "S_perturbed": [
        0.14588173402352916,
        0.13437512862684942,
        0.14072941847201093,
        0.14406191842618557,
        0.1483335133872422,
        0.13434533906958945,
        0.15227299269807687
      ],
      "direction": [
        0.18134674937346829,
        -0.5085613327834431,
        -0.1275735636356897,
        0.07223503089871826,
        0.32834947870832837,
        -0.5103474422057279,
        0.5645510796443457
      ],
      "distance": 0.01667846151433071,
      "reward": 0.9874523282051086,
      "reward_change": -0.0012243390083312988
    },
    {
      "sample_index": 10,
      "S_perturbed": [
        0.14288211823962654,
        0.14691445683725465,
        0.14725632350688894,
        0.14860928228790274,
        0.14816232266946056,
        0.13514173186215186,
        0.13103380930019826
      ],
      "direction": [
        0.001450396922459775,
        0.23568053691936006,
        0.2555388588211512,
        0.33412941291631204,
        0.30816646078172216,
        -0.44817250575055856,
        -0.6867931606104465
      ],
      "distance": 0.017215284923116476,
      "reward": 0.9900684356689453,
      "reward_change": 0.001391768455505371
    },
    {
      "sample_index": 11,
      "S_perturbed": [
        0.14486674601359711,
        0.14204933667008654,
        0.1368648554357415,
        0.15072192073261442,
        0.14170840463111667,
        0.14170748138336425,
        0.14208129983696305
      ],
      "direction": [
        0.19546928342330683,
        -0.07857424294031089,
        -0.5828579115873371,
        0.7649899074570435,
        -0.11173599077963083,
        -0.11182579316151131,
        -0.07546525241156052
      ],
      "distance": 0.010280882679097651,
      "reward": 0.9861781001091003,
      "reward_change": -0.0024985671043395996
    },
    {
      "sample_index": 12,