{
  "base_S": [
    0.1428571492433548,
    0.1428571492433548,
    0.1428571492433548,
    0.1428571492433548,
    0.1428571492433548,
    0.1428571492433548,
    0.1428571492433548
  ],
  "base_reward": 0.9895079731941223,
  "dS": 0.02,
  "distance_mode": "uniform_half",
  "n_samples": 10,
  "n_repeats": 1,
  "samples": [
    {
      "sample_index": 0,
      "S_perturbed": [
        0.14503051296982783,
        0.137168496114282,
        0.14035784974148519,
        0.1337308108748306,
        0.15085067595596588,
        0.14350619024517555,
        0.14935550880191656
      ],
      "direction": [
        0.14233072227177046,
        -0.37254238614189134,
        -0.16367582606702388,
        -0.5976718557811715,
        0.5234855154001032,
        0.04250483867376122,
        0.42556899164445194
      ],
      "distance": 0.015269814498117618,
      "reward": 0.991186797618866,
      "reward_change": 0.0016788244247436523
    },
    {
      "sample_index": 1,
      "S_perturbed": [
        0.13484837573822553,
        0.14734819738104826,
        0.14580143912051402,
        0.1370389540879065,
        0.1423116311167435,
        0.15104683544193742,
        0.14160461181710834
      ],
      "direction": [
        -0.5723946931045397,
        0.3209795006496788,
        0.21043121016819802,
        -0.41583196581751647,
        -0.03898870163635503,
        0.5853246961295502,
        -0.08952004638901535
      ],
      "distance": 0.013991697689738344,
      "reward": 0.9923561811447144,
      "reward_change": 0.002848207950592041
    },
    {
      "sample_index": 2,
      "S_perturbed": [
        0.13775699781316225,
        0.13874287997111065,
        0.14699796945898647,
        0.14133995386517412,
        0.1388026162095895,
        0.15056803998544346,
        0.14579158740001713
      ],
      "direction": [
        -0.42080366881174674,
        -0.33946043131006004,
        0.3416510984972615,
        -0.12518086770191442,
        -0.3345317093579806,
        0.6362107397181643,
        0.2421148389662762
      ],
      "distance": 0.012120026055367331,
      "reward": 0.9916133880615234,
      "reward_change": 0.002105414867401123
    },
    {
      "sample_index": 3,
      "S_perturbed": [
        0.14142410080527615,
        0.13377221793037986,
        0.1482588466172061,
        0.15146606567128068,
        0.14706116159609267,
        0.13301003837734876,
        0.14500761370589937
      ],
      "direction": [
        -0.08176906092281898,
        -0.5183818510742488,
        0.30821827784221417,
        0.491220668589774,
        0.23987894132329368,
        -0.5618714531350729,
        0.12270447737685887
      ],
      "distance": 0.0175255582234373,
      "reward": 0.9894670248031616,
      "reward_change": -4.094839096069336e-05
    },
    {
      "sample_index": 4,
      "S_perturbed": [
        0.14426677360131215,
        0.15229155428157098,
        0.13794215924975303,
        0.1343856496535925,
        0.14044030326200613,
        0.14246323780193546,
        0.1482103668533133
      ],
      "direction": [
        0.09469918261236142,
        0.6338074682872676,
        -0.33019118342739645,
        -0.5691190579410463,
        -0.16236477302743374,
        -0.02646314339951019,
        0.35963150689575757
      ],
      "distance": 0.014885285374927348,
      "reward": 0.9871159791946411,
      "reward_change": -0.002391993999481201
    },
    {
      "sample_index": 5,
      "S_perturbed": [
        0.14553780708745273,
        0.1445292244209676,
        0.13098373264613117,
        0.1372759543915422,
        0.1414538301234742,
        0.1434325645620704,
        0.1567869314718453
      ],
      "direction": [
        0.13779639046567677,
        0.08595126176568642,
        -0.6103404629557437,
        -0.286895437535481,
        -0.07213613994668079,
        0.029578617842721498,
        0.7160457703638209
      ],
      "distance": 0.019453759529104976,
      "reward": 0.985576868057251,
      "reward_change": -0.003931105136871338
    },
    {
      "sample_index": 6,
      "S_perturbed": [
        0.13698631379202858,
        0.14961186798422935,
        0.15459358609964588,
        0.1419269080830211,
        0.14270716602245112,
        0.14353235556002258,
        0.13064184716208496
      ],
      "direction": [
        -0.3058746564945907,
        0.3519255975937538,
        0.6114766154921849,
        -0.04846621877469214,
        -0.007814231305613858,
        0.03517872403102026,
        -0.636425830542062
      ],
      "distance": 0.01919359883753575,
      "reward": 0.9924266338348389,
      "reward_change": 0.0029186606407165527
    },
    {
      "sample_index": 7,
      "S_perturbed": [
        0.13780893787377269,
        0.14460382407443836,
        0.14366361156652982,
        0.15228817000288924,
        0.14690412692823354,
        0.14107225314440586,
        0.13365912111321404
      ],
      "direction": [
        -0.3385870091488921,
        0.11715068243293286,
        0.05408998276902655,
        0.6325450498036925,
        0.27143357718178013,
        -0.11971420916051556,
        -0.6169180738780243
      ],
      "distance": 0.014909642819055062,
      "reward": 0.9904389977455139,
      "reward_change": 0.0009310245513916016
    },
    {
      "sample_index": 8,
      "S_perturbed": [
        0.13534382097395317,
        0.14910356854844206,
        0.13230319741255997,
        0.14394401853931188,
        0.15009527730944022,
        0.14302235734990484,
        0.14618780456987146
      ],
      "direction": [
        -0.4559430312626541,
        0.3790612163317429,
        -0.6404619387029484,
        0.06595618660815425,
        0.4392426276059831,
        0.010025581498462237,
        0.20211935792126043
      ],
      "distance": 0.016478655784242992,
      "reward": 0.9886389970779419,
      "reward_change": -0.0008689761161804199
    },
    {
      "sample_index": 9,
      "S_perturbed": [
        0.12776136422347353,
        0.14202902519018792,
        0.14708389947682285,
        0.1446936285602075,
        0.14740933714719,
        0.14503529330546364,
        0.14598749680013812
      ],
      "direction": [
        -0.8940835889990375,
        -0.049047606640975044,
        0.25033928434755665,
        0.10876983320653448,
        0.2696141004590836,
        0.1290057362265298,
        0.1854022414003087
      ],
      "distance": 0.016884086908229234,
      "reward": 0.9925135374069214,
      "reward_change": 0.0030055642127990723
    }
  ],
  "gradient_computed": [
    -0.12349109275014201,
    -0.13663969938595721,
    0.14696079405155643,
    -0.10811781649463822,
    0.1742001354782734,
    0.17199929092455937,
    -0.12491161182365162
  ],
  "gradient_magnitude": 0.3778091432407689,
  "gradient_dot_S": 4.163336342344337e-17,
  "linear_regression": {
    "matrix_rank": 7,
    "residuals": 1.1849590703132922e-07,
    "intercept": -0.000145848201095089,
    "r2_with_intercept": 0.9977125332561336,
    "r2_no_intercept": 0.9936062056675512
  }
}