{
  "checkpoint_type": "post_rl_training",
  "best_rewards_all": [
    0.9897218324518554,
    0.989719241130081,
    0.9897101619887013,
    0.9897058466763932,
    0.9897058171369566,
    0.9897016578247755,
    0.9897014925970555,
    0.9896983842225954,
    0.9896960991710484,
    0.9896941491193942
  ],
  "best_min_idxs_all": [
    [
      0,
      0,
      1,
      0,
      0,
      0,
      1
    ],
    [
      0,
      0,
      1,
      0,
      0,
      0,
      1
    ],
    [
      0,
      0,
      1,
      0,
      0,
      0,
      1
    ],
    [
      0,
      0,
      1,
      0,
      0,
      0,
      1
    ],
    [
      0,
      0,
      1,
      0,
      0,
      0,
      1
    ],
    [
      0,
      0,
      1,
      0,
      0,
      0,
      1
    ],
    [
      0,
      0,
      1,
      0,
      0,
      0,
      1
    ],
    [
      0,
      0,
      1,
      0,
      0,
      0,
      1
    ],
    [
      0,
      0,
      1,
      0,
      0,
      0,
      1
    ],
    [
      0,
      0,
      1,
      0,
      0,
      0,
      1
    ]
  ],
  "best_ws_all": [
    [
      0.3864155599583602,
      0.652569322846207,
      0.31540002011100265,
      0.5551333026319797,
      0.6436085544825672,
      0.6356046200542558,
      0.22838699240409444,
      0.0,
      0.6424303122227609,
      0.4838218770637843
    ],
    [
      0.4671520476775912,
      0.6699857056230056,
      0.297437164808605,
      0.5241453463213317,
      0.635228653420908,
      0.5603058846269687,
      0.26100648391940784,
      0.0,
      0.6568171220179043,
      0.5026924155319851
    ],
    [
      0.46494236813452156,
      0.640268280620277,
      0.24416545684346408,
      0.5129360117070783,
      0.6293313451079249,
      0.6227777794933702,
      0.13792974410049597,
      0.0,
      0.621772499062015,
      0.6013561683894008
    ],
    [
      0.4352101260097639,
      0.6439718648794589,
      0.3341151596688008,
      0.5347042289178474,
      0.6549907113270484,
      0.5972081015902526,
      0.2361581108982876,
      0.0,
      0.6448412889350434,
      0.49100869781593176
    ],
    [
      0.40250664260229163,
      0.6311210743140732,
      0.33109728721368675,
      0.5281644803101638,
      0.6589990534951934,
      0.6278252958403312,
      0.2117389005737894,
      0.0,
      0.6466384421609355,
      0.5095806794365685
    ],
    [
      0.4539756430659883,
      0.6504591587327889,
      0.3092555563215736,
      0.48577963285392206,
      0.6141597862130764,
      0.6395690557589837,
      0.18164205862552393,
      0.0,
      0.6137501541152027,
      0.5858875645446961
    ],
    [
      0.46374996738531177,
      0.6190379900743324,
      0.3102844364963852,
      0.5049868349085461,
      0.6088001599084788,
      0.6589961728270249,
      0.14287825155366113,
      0.0,
      0.6052045290757093,
      0.5990321296441325
    ],
    [
      0.3933491047893947,
      0.6349282931008617,
      0.2987981466508712,
      0.538090695127079,
      0.6179371597193373,
      0.6609606073917935,
      0.18020744074984058,
      0.0,
      0.6568748077175866,
      0.5297604394022978
    ],
    [
      0.4845260349093217,
      0.6601509540020409,
      0.27253737554406615,
      0.5168762256054259,
      0.656474270229757,
      0.5804052416108372,
      0.19976470942059862,
      0.0,
      0.6128483715378427,
      0.5519780866766176
    ],
    [
      0.5143094001309785,
      0.6540423495305212,
      0.271340371614294,
      0.5000495424724488,
      0.6591111782604858,
      0.5540906708265236,
      0.25301701520303704,
      0.0,
      0.6426500808543141,
      0.5153431386499645
    ]
  ],
  "best_optimized_reward": 0.9897218324518554,
  "target": [
    0.1428571492433548,
    0.1428571492433548,
    0.1428571492433548,
    0.1428571492433548,
    0.1428571492433548,
    0.1428571492433548,
    0.1428571492433548
  ],
  "training_summary": {
    "actual_iterations": 76,
    "max_iterations": 2000,
    "early_stopped": true,
    "keep_best_n": 10
  },
  "status": "rl_training_complete"
}