{
  "base_S": [
    0.1428571492433548,
    0.1428571492433548,
    0.1428571492433548,
    0.1428571492433548,
    0.1428571492433548,
    0.1428571492433548,
    0.1428571492433548
  ],
  "base_reward": 0.9877637028694153,
  "dS": 0.02,
  "distance_mode": "uniform_half",
  "n_samples": 20,
  "n_repeats": 1,
  "samples": [
    {
      "sample_index": 0,
      "S_perturbed": [
        0.13778278899498703,
        0.1391841063170117,
        0.15817929736697833,
        0.14278268975882516,
        0.1384810184873237,
        0.1392324048832584,
        0.14435773889509929
      ],
      "direction": [
        -0.28887825882956386,
        -0.20910266383029144,
        0.8722745833634453,
        -0.004238904057154834,
        -0.24912875147549815,
        -0.2063530747119783,
        0.08542706954104165
      ],
      "distance": 0.017565739522688074,
      "reward": 0.9902464151382446,
      "reward_change": 0.0024827122688293457
    },
    {
      "sample_index": 1,
      "S_perturbed": [
        0.14611010518710713,
        0.14571072205980223,
        0.13581959224115303,
        0.15278598239704141,
        0.13556931512055526,
        0.1457651844416033,
        0.13823914325622122
      ],
      "direction": [
        0.20584671652495054,
        0.18057379343200888,
        -0.4453358810600309,
        0.6282955376434906,
        -0.46117339143127223,
        0.18402016733369442,
        -0.2922269424428414
      ],
      "distance": 0.015802807053072642,
      "reward": 0.9851911067962646,
      "reward_change": -0.0025725960731506348
    },
    {
      "sample_index": 2,
      "S_perturbed": [
        0.13780409872362775,
        0.14252423976046072,
        0.14400681816254976,
        0.1425301039948813,
        0.14678400728089208,
        0.1343554498857704,
        0.15199532689530157
      ],
      "direction": [
        -0.3588526106867435,
        -0.02364224077960845,
        0.08164606537533753,
        -0.023225780302260385,
        0.27887377200467833,
        -0.6037653884188316,
        0.6489661828074285
      ],
      "distance": 0.014081130718422031,
      "reward": 0.9868000745773315,
      "reward_change": -0.0009636282920837402
    },
    {
      "sample_index": 3,
      "S_perturbed": [
        0.15530465885177797,
        0.14316819248892784,
        0.14179789492936504,
        0.14227593782827277,
        0.13875891657734865,
        0.14515592104332897,
        0.13353852298446234
      ],
      "direction": [
        0.7640482392188691,
        0.019092336666299246,
        -0.06501874020978421,
        -0.035675695161290114,
        -0.2515561386072245,
        0.14110232499420786,
        -0.571992326901078
      ],
      "distance": 0.0162915231911914,
      "reward": 0.9869697093963623,
      "reward_change": -0.0007939934730529785
    },
    {
      "sample_index": 4,
      "S_perturbed": [
        0.13819588598720078,
        0.14109505400764616,
        0.14510055243629144,
        0.14470836525557945,
        0.14203167982065715,
        0.13812809497016745,
        0.15074041222594114
      ],
      "direction": [
        -0.42822781446596614,
        -0.16188276658096185,
        0.20610027657392785,
        0.1700702456512733,
        -0.07583544360503718,
        -0.4344557397019585,
        0.7242312421287231
      ],
      "distance": 0.01088500816315957,
      "reward": 0.9872789978981018,
      "reward_change": -0.00048470497131347656
    },
    {
      "sample_index": 5,
      "S_perturbed": [
        0.12777473626289285,
        0.14300763594397234,
        0.14966705703330957,
        0.1467912731720717,
        0.141089771030534,
        0.14603790301861932,
        0.1456316682420838
      ],
      "direction": [
        -0.8562192624348216,
        0.008543036977963877,
        0.3865942560197447,
        0.22333778374433444,
        -0.10033296872225322,
        0.1805694257922624,
        0.15750772862277002
      ],
      "distance": 0.017615129257396337,
      "reward": 0.991518497467041,
      "reward_change": 0.0037547945976257324
    },
    {
      "sample_index": 6,
      "S_perturbed": [
        0.13867278593494714,
        0.13620454486673506,
        0.1494176528217363,
        0.15060576281699645,
        0.14432064999849586,
        0.1400234819524696,
        0.14075516631210314
      ],
      "direction": [
        -0.3123728406633898,
        -0.49663300573324526,
        0.48975745840320606,
        0.5784527429389089,
        0.10925387078073788,
        -0.21154011635896397,
        -0.15691810936725353
      ],
      "distance": 0.013395413312890079,
      "reward": 0.9893438816070557,
      "reward_change": 0.0015801787376403809
    },
    {
      "sample_index": 7,
      "S_perturbed": [
        0.13496354454038126,
        0.14822081852583074,
        0.1447276311291252,
        0.13623303364324882,
        0.14124661849306738,
        0.14819148391540926,
        0.1464169144564209
      ],
      "direction": [
        -0.5848295325000192,
        0.3973890658311609,
        0.13858219254288087,
        -0.4907743135625637,
        -0.11932266451253692,
        0.39521569293697556,
        0.263739559264103
      ],
      "distance": 0.01349727444376843,
      "reward": 0.9894669055938721,
      "reward_change": 0.0017032027244567871
    },
    {
      "sample_index": 8,
      "S_perturbed": [
        0.1508940433759252,
        0.1374711680761664,
        0.14518696438526485,
        0.14484060526451398,
        0.13582540028274698,
        0.13833691299060571,
        0.14744495032826047
      ],
      "direction": [
        0.5771811935809787,
        -0.38680203912157496,
        0.1673190491561935,
        0.14244476719788363,
        -0.5049952371025425,
        -0.3246273140586089,
        0.32947958034766994
      ],
      "distance": 0.013924386695116479,
      "reward": 0.9847081303596497,
      "reward_change": -0.003055572509765625
    },
    {
      "sample_index": 9,
      "S_perturbed": [
        0.13043905691049082,
        0.14923534099130092,
        0.1515166917182048,
        0.14057798653653938,
        0.14779136632405993,
        0.1397603172309213,
        0.1406792849919664
      ],
      "direction": [
        -0.7010697720884209,
        0.3600840866060439,
        0.48887891203438716,
        -0.1286712996319779,
        0.2785637561294354,
        -0.17483323967620712,
        -0.12295244337326006
      ],
      "distance": 0.017713061990779665,
      "reward": 0.9907232522964478,
      "reward_change": 0.0029595494270324707
    },
    {
      "sample_index": 10,
      "S_perturbed": [
        0.1492665666698589,
        0.14034323683732655,
        0.13344164414913715,
        0.15580567044308502,
        0.14162428227124246,
        0.1408941830475459,
        0.13862446128528755
      ],
      "direction": [
        0.3544387920243602,
        -0.13901857488063368,
        -0.520674505937731,
        0.7160491987237333,
        -0.06817716045693148,
        -0.10855142065643923,
        -0.23406632881635855
      ],
      "distance": 0.018083284253106235,
      "reward": 0.983533501625061,
      "reward_change": -0.004230201244354248
    },
    {
      "sample_index": 11,
      "S_perturbed": [
        0.13955997723941882,
        0.13111715359872117,
        0.1371523754596886,
        0.15446569146159575,
        0.14938404610144754,
        0.14047756858151011,
        0.14784323226110158
      ],
      "direction": [
        -0.1671463289701555,
        -0.5951455282841281,
        -0.28919692221294785,
        0.5884816485636127,
        0.3308735025333003,
        -0.12063009501503438,
        0.25276372338535297
      ],
      "distance": 0.01972626036270717,
      "reward": 0.9877818822860718,
      "reward_change": 1.817941665649414e-05
    },
    {
      "sample_index": 12,