{
  "checkpoint_type": "post_rl_training",
  "best_rewards_all": [
    0.9897095555128826,
    0.9897071001907061,
    0.9897026573674702,
    0.9896999818515135,
    0.9896984096768404,
    0.9896956508914174,
    0.9896924097426528,
    0.9896901612393716,
    0.9896874846828851,
    0.9896859987879727
  ],
  "best_min_idxs_all": [
    [
      0,
      0,
      0,
      0,
      0,
      0,
      0
    ],
    [
      0,
      0,
      0,
      1,
      1,
      1,
      1
    ],
    [
      0,
      0,
      0,
      0,
      0,
      0,
      0
    ],
    [
      0,
      0,
      0,
      0,
      0,
      0,
      0
    ],
    [
      0,
      0,
      0,
      0,
      0,
      0,
      0
    ],
    [
      0,
      0,
      0,
      1,
      1,
      1,
      1
    ],
    [
      0,
      0,
      0,
      1,
      1,
      1,
      1
    ],
    [
      0,
      0,
      0,
      1,
      1,
      1,
      1
    ],
    [
      0,
      0,
      0,
      0,
      0,
      0,
      0
    ],
    [
      0,
      0,
      0,
      1,
      1,
      1,
      1
    ]
  ],
  "best_ws_all": [
    [
      0.6025246384328807,
      0.5857890025996582,
      0.0,
      0.605821847666741,
      0.5715367408203114,
      0.0,
      0.6025548286806272,
      0.6030718283658635,
      0.0,
      0.6110425480781939
    ],
    [
      0.6114038382273641,
      0.6040266189985978,
      0.0,
      0.5835823971910665,
      0.6000423686177616,
      0.0,
      0.5816932125266016,
      0.6269562382324662,
      0.002728205474232133,
      0.5738199808572827
    ],
    [
      0.5749624188775578,
      0.5636373207913377,
      0.0,
      0.5993772410455483,
      0.5676089810405035,
      0.0,
      0.5721896163110943,
      0.5942607284073469,
      0.0,
      0.6998223951167543
    ],
    [
      0.5791794637731775,
      0.5687224421759893,
      0.0,
      0.5910838115700352,
      0.5663183164344848,
      0.0,
      0.6015889798157635,
      0.5997291091840852,
      0.0,
      0.6703917657914185
    ],
    [
      0.6028370135285817,
      0.5796006822818547,
      0.0,
      0.5993796044267249,
      0.585777487584274,
      0.0,
      0.5680490280861997,
      0.5652926652539569,
      0.0,
      0.6752954267248296
    ],
    [
      0.6062645584633675,
      0.5840138637790506,
      0.0,
      0.5942330484566258,
      0.6102753665878621,
      0.0,
      0.5979697547031098,
      0.629022169344533,
      0.006412362951966345,
      0.5590566318879077
    ],
    [
      0.5749565741941387,
      0.6089064024737327,
      0.0,
      0.6018482140751158,
      0.5699873605886944,
      0.0,
      0.6031242345755979,
      0.6172744467737209,
      0.0,
      0.605610833645634
    ],
    [
      0.6025666528551785,
      0.6149685010612385,
      0.0,
      0.5860791946546302,
      0.5758125962167217,
      0.0,
      0.6210113318821385,
      0.59124938737135,
      0.0,
      0.590294240872732
    ],
    [
      0.5874723339671608,
      0.5791997691325808,
      0.0,
      0.5985371709425747,
      0.5777946100680517,
      0.0,
      0.549263351761812,
      0.5647530954272793,
      0.0,
      0.7118105362053836
    ],
    [
      0.6296909340630203,
      0.5948342397156559,
      0.0,
      0.5861043594220592,
      0.5795640089707425,
      0.0,
      0.6025603118434611,
      0.6039666118342458,
      0.000854427569605267,
      0.5851439707687828
    ]
  ],
  "best_optimized_reward": 0.9897095555128826,
  "target": [
    0.1428571492433548,
    0.1428571492433548,
    0.1428571492433548,
    0.1428571492433548,
    0.1428571492433548,
    0.1428571492433548,
    0.1428571492433548
  ],
  "training_summary": {
    "actual_iterations": 97,
    "max_iterations": 2000,
    "early_stopped": true,
    "keep_best_n": 10
  },
  "status": "rl_training_complete"
}