{
  "base_S": [
    0.1428571492433548,
    0.1428571492433548,
    0.1428571492433548,
    0.1428571492433548,
    0.1428571492433548,
    0.1428571492433548,
    0.1428571492433548
  ],
  "base_reward": 0.9894184470176697,
  "dS": 0.02,
  "distance_mode": "uniform_half",
  "n_samples": 10,
  "n_repeats": 1,
  "samples": [
    {
      "sample_index": 0,
      "S_perturbed": [
        0.14074889043543773,
        0.1405904296990489,
        0.14036694120572843,
        0.14070796036862163,
        0.15288329839117884,
        0.1406305864697852,
        0.14407193813368285
      ],
      "direction": [
        -0.1868132169595924,
        -0.2008544531756657,
        -0.2206578113942411,
        -0.1904400380232932,
        0.8884189972255799,
        -0.19729615402577716,
        0.10764267635298987
      ],
      "distance": 0.011285383562411934,
      "reward": 0.9909528493881226,
      "reward_change": 0.0015344023704528809
    },
    {
      "sample_index": 1,
      "S_perturbed": [
        0.1449182230441838,
        0.13330105541211154,
        0.13929544658292842,
        0.15163823264576975,
        0.13595298697425712,
        0.147326250062649,
        0.14756784998158395
      ],
      "direction": [
        0.12424425891751008,
        -0.5760539946368954,
        -0.21470415438360538,
        0.5293353393687622,
        -0.41619204718688113,
        0.26940331738606377,
        0.28396728053504594
      ],
      "distance": 0.016588885625672567,
      "reward": 0.9877404570579529,
      "reward_change": -0.0016779899597167969
    },
    {
      "sample_index": 2,
      "S_perturbed": [
        0.14929599723792805,
        0.13438419826525708,
        0.1439161257322983,
        0.13761884544625078,
        0.14607312443606116,
        0.14235264514567686,
        0.1463591084400113
      ],
      "direction": [
        0.5017631262514046,
        -0.6602756230506373,
        0.08252335730970331,
        -0.40820775575145546,
        0.25061280651435175,
        -0.03931472733490154,
        0.2728988160615343
      ],
      "distance": 0.012832445545923048,
      "reward": 0.9906299710273743,
      "reward_change": 0.0012115240097045898
    },
    {
      "sample_index": 3,
      "S_perturbed": [
        0.1348889802396095,
        0.13095565972724046,
        0.14251890730286457,
        0.1500314072648316,
        0.14731801629606983,
        0.1441139280269897,
        0.15017314584587793
      ],
      "direction": [
        -0.43749184880641845,
        -0.6534505793624212,
        -0.018571153776907826,
        0.39390221318785823,
        0.24492364221374097,
        0.06900336493047213,
        0.4016843616136767
      ],
      "distance": 0.018213297060240944,
      "reward": 0.9910576939582825,
      "reward_change": 0.001639246940612793
    },
    {
      "sample_index": 4,
      "S_perturbed": [
        0.14774702044447416,
        0.14390521119157804,
        0.1432405895121027,
        0.14114310183540382,
        0.14115496932894928,
        0.13501712132109614,
        0.14779203106987945
      ],
      "direction": [
        0.4524347692546524,
        0.09697181095494123,
        0.03547776666882078,
        -0.158592038851721,
        -0.1574940003793309,
        -0.7253976798295114,
        0.45659937218214874
      ],
      "distance": 0.010807903223651431,
      "reward": 0.9866328239440918,
      "reward_change": -0.002785623073577881
    },
    {
      "sample_index": 5,
      "S_perturbed": [
        0.13215302468210544,
        0.15291597328708406,
        0.14081622321402043,
        0.1450419574711362,
        0.1445992530463929,
        0.13661241164433374,
        0.14786120135841083
      ],
      "direction": [
        -0.6266592165234653,
        0.588880927003622,
        -0.11948339158487388,
        0.12790678998934582,
        0.10198922836404191,
        -0.36559013759649267,
        0.2929558003478223
      ],
      "distance": 0.01708125290270674,
      "reward": 0.9875229001045227,
      "reward_change": -0.0018955469131469727
    },
    {
      "sample_index": 6,
      "S_perturbed": [
        0.1395768976845328,
        0.13556350983449086,
        0.14866888141196868,
        0.14124872469873564,
        0.14913535567448907,
        0.14435181189861113,
        0.1414548635006554
      ],
      "direction": [
        -0.2734143174280438,
        -0.6079367404544321,
        0.48441735502956923,
        -0.13406480909027885,
        0.5232987456173578,
        0.12458257006936924,
        -0.11688280374354107
      ],
      "distance": 0.011997365718367263,
      "reward": 0.9930468797683716,
      "reward_change": 0.0036284327507019043
    },
    {
      "sample_index": 7,
      "S_perturbed": [
        0.1437113835241719,
        0.14838171220433277,
        0.15076860998502908,
        0.14127916684142655,
        0.14109241385101043,
        0.13701389182487966,
        0.13775286647263318
      ],
      "direction": [
        0.06760853232255327,
        0.43724257139152245,
        0.6261540437834711,
        -0.12488971306927424,
        -0.13967031351158501,
        -0.4624657039847315,
        -0.40397941693195616
      ],
      "distance": 0.012635007024581537,
      "reward": 0.9895004630088806,
      "reward_change": 8.20159912109375e-05
    },
    {
      "sample_index": 8,
      "S_perturbed": [
        0.14469287911059622,
        0.13908661015749815,
        0.1400715833226827,
        0.13642344082772775,
        0.15455641996755742,
        0.1444881900446208,
        0.14068092127280055
      ],
      "direction": [
        0.12637444566177788,
        -0.25956966508217316,
        -0.1917626091731379,
        -0.4429063061419652,
        0.8053956515072165,
        0.1122833379736164,
        -0.1498148547453347
      ],
      "distance": 0.014526116080101265,
      "reward": 0.9922873973846436,
      "reward_change": 0.002868950366973877
    },
    {
      "sample_index": 9,
      "S_perturbed": [
        0.13590331402056652,
        0.15304151766712862,
        0.1444900023972598,
        0.15169927768968489,
        0.14199700681262,
        0.1375393033655613,
        0.1353296227506625
      ],
      "direction": [
        -0.3895784784680469,
        0.5705643903798071,
        0.09147821696657714,
        0.4953673528604381,
        -0.048188225446203124,
        -0.2979245609687688,
        -0.42171869532380357
      ],
      "distance": 0.017849639051246098,
      "reward": 0.9882082939147949,
      "reward_change": -0.0012101531028747559
    }
  ],
  "gradient_computed": [
    -0.11754969526156456,
    -0.126789311592271,
    0.1571022632755683,
    -0.10708900473474961,
    0.16662271298702477,
    0.15252720276106663,
    -0.12482416743507443
  ],
  "gradient_magnitude": 0.36421337879414223,
  "gradient_dot_S": 4.163336342344337e-17,
  "linear_regression": {
    "matrix_rank": 7,
    "residuals": 1.1011766534285653e-07,
    "intercept": -5.775259962436524e-05,
    "r2_with_intercept": 0.9974024305295135,
    "r2_no_intercept": 0.9966156506372825
  }
}