{
  "checkpoint_type": "post_rl_training",
  "best_rewards_all": [
    0.9897095555128828,
    0.9897071001907061,
    0.9897026573674701,
    0.9896999818515135,
    0.9896984096768402,
    0.9896956508914176,
    0.9896924097426527,
    0.9896901612393716,
    0.9896874846828854,
    0.9896859987879727
  ],
  "best_min_idxs_all": [
    [
      0,
      0,
      0,
      0,
      0,
      0,
      0
    ],
    [
      0,
      0,
      0,
      1,
      1,
      1,
      1
    ],
    [
      0,
      0,
      0,
      0,
      0,
      0,
      0
    ],
    [
      0,
      0,
      0,
      0,
      0,
      0,
      0
    ],
    [
      0,
      0,
      0,
      0,
      0,
      0,
      0
    ],
    [
      0,
      0,
      0,
      1,
      1,
      1,
      1
    ],
    [
      0,
      0,
      0,
      1,
      1,
      1,
      1
    ],
    [
      0,
      0,
      0,
      1,
      1,
      1,
      1
    ],
    [
      0,
      0,
      0,
      0,
      0,
      0,
      0
    ],
    [
      0,
      0,
      0,
      1,
      1,
      1,
      1
    ]
  ],
  "best_ws_all": [
    [
      0.6025246384328805,
      0.585789002599658,
      0.0,
      0.6058218476667407,
      0.5715367408203113,
      0.0,
      0.6025548286806274,
      0.6030718283658636,
      0.0,
      0.6110425480781937
    ],
    [
      0.611403838227364,
      0.6040266189985978,
      0.0,
      0.5835823971910665,
      0.6000423686177617,
      0.0,
      0.581693212526602,
      0.6269562382324662,
      0.0027282054742321367,
      0.5738199808572827
    ],
    [
      0.5749624188775576,
      0.5636373207913379,
      0.0,
      0.5993772410455485,
      0.5676089810405036,
      0.0,
      0.5721896163110944,
      0.5942607284073469,
      0.0,
      0.699822395116754
    ],
    [
      0.5791794637731773,
      0.5687224421759893,
      0.0,
      0.5910838115700351,
      0.5663183164344849,
      0.0,
      0.6015889798157633,
      0.5997291091840851,
      0.0,
      0.6703917657914183
    ],
    [
      0.602837013528582,
      0.5796006822818547,
      0.0,
      0.5993796044267253,
      0.5857774875842737,
      0.0,
      0.5680490280861997,
      0.5652926652539569,
      0.0,
      0.6752954267248292
    ],
    [
      0.6062645584633677,
      0.5840138637790505,
      0.0,
      0.5942330484566257,
      0.6102753665878621,
      0.0,
      0.5979697547031096,
      0.6290221693445333,
      0.006412362951966329,
      0.5590566318879076
    ],
    [
      0.574956574194139,
      0.6089064024737326,
      0.0,
      0.6018482140751157,
      0.5699873605886946,
      0.0,
      0.603124234575598,
      0.617274446773721,
      0.0,
      0.605610833645634
    ],
    [
      0.6025666528551782,
      0.6149685010612389,
      0.0,
      0.5860791946546302,
      0.5758125962167217,
      0.0,
      0.6210113318821383,
      0.5912493873713502,
      0.0,
      0.5902942408727322
    ],
    [
      0.5874723339671605,
      0.5791997691325808,
      0.0,
      0.5985371709425747,
      0.5777946100680518,
      0.0,
      0.549263351761812,
      0.5647530954272796,
      0.0,
      0.7118105362053836
    ],
    [
      0.6296909340630207,
      0.5948342397156559,
      0.0,
      0.5861043594220589,
      0.5795640089707427,
      0.0,
      0.6025603118434611,
      0.6039666118342458,
      0.000854427569605267,
      0.5851439707687827
    ]
  ],
  "best_optimized_reward": 0.9897095555128828,
  "target": [
    0.1428571492433548,
    0.1428571492433548,
    0.1428571492433548,
    0.1428571492433548,
    0.1428571492433548,
    0.1428571492433548,
    0.1428571492433548
  ],
  "training_summary": {
    "actual_iterations": 97,
    "max_iterations": 2000,
    "early_stopped": true,
    "keep_best_n": 10
  },
  "status": "rl_training_complete"
}