{
  "checkpoint_type": "post_rl_training",
  "best_rewards_all": [
    0.9896798491292169,
    0.989668308501002,
    0.9896563905780178,
    0.9896499639495384,
    0.9896482866315357,
    0.9896398039611541,
    0.9896394960104591,
    0.9896283061069321,
    0.989627412831301,
    0.9896271757475009
  ],
  "best_min_idxs_all": [
    [
      0,
      1,
      1,
      0,
      0,
      1,
      1
    ],
    [
      0,
      1,
      1,
      0,
      0,
      1,
      1
    ],
    [
      0,
      1,
      1,
      0,
      0,
      1,
      1
    ],
    [
      0,
      1,
      1,
      0,
      0,
      1,
      1
    ],
    [
      0,
      1,
      1,
      0,
      0,
      1,
      1
    ],
    [
      0,
      1,
      1,
      0,
      0,
      1,
      1
    ],
    [
      0,
      1,
      1,
      0,
      0,
      1,
      1
    ],
    [
      0,
      1,
      1,
      0,
      0,
      1,
      1
    ],
    [
      0,
      1,
      1,
      0,
      0,
      1,
      1
    ],
    [
      0,
      1,
      1,
      0,
      0,
      1,
      1
    ]
  ],
  "best_ws_all": [
    [
      0.22706005203155658,
      0.5729762168322439,
      0.33709060351285086,
      0.5881564979748501,
      0.5271264463985271,
      0.9000370848184391,
      0.3640916548688805,
      0.06626733562326331,
      0.6180564238874628,
      0.2317476344297819
    ],
    [
      0.3934430481697956,
      0.5823250778057898,
      0.2112331066674842,
      0.59380522264437,
      0.5860291314972939,
      0.8213788719498852,
      0.5296087136864507,
      0.0,
      0.5565008175870509,
      0.02457763162721094
    ],
    [
      0.18979952693044116,
      0.6191262422240341,
      0.38617596954269934,
      0.5709851251608365,
      0.5891205910032077,
      0.7053819936807628,
      0.6092859818525117,
      0.0,
      0.624216875552361,
      0.0
    ],
    [
      0.18219516661863677,
      0.6540724877734296,
      0.40852014346056525,
      0.6050833268955282,
      0.587449681819757,
      0.6952618830791101,
      0.5492379723955573,
      0.0,
      0.6096409586619677,
      0.06456700679428319
    ],
    [
      0.31792698989891627,
      0.5911170759638898,
      0.29157905754572716,
      0.6079982453182494,
      0.6207249942169861,
      0.751258992819937,
      0.5323237865507244,
      0.019396538226870017,
      0.600117267380473,
      0.035322113736208645
    ],
    [
      0.26687781715488584,
      0.5742733060399285,
      0.3625823509809129,
      0.5727246512004166,
      0.5728948510142807,
      0.7785041063062507,
      0.6045626065388886,
      0.04759892981017467,
      0.5809183630414256,
      0.001418318674269269
    ],
    [
      0.2775144644759025,
      0.5880491677794143,
      0.35316753299998566,
      0.6050271285685928,
      0.5470145704766181,
      0.7791633505320001,
      0.5723229252436213,
      0.01444631947195109,
      0.5935621884686277,
      0.0
    ],
    [
      0.25325315812984445,
      0.5848034126018273,
      0.3249014743665582,
      0.531097313703161,
      0.545668575173239,
      0.9064552483690609,
      0.5125862580150556,
      0.016489202535610984,
      0.568872658152315,
      0.013946458740949387
    ],
    [
      0.1863048342687263,
      0.562683515076947,
      0.38274659135233935,
      0.5905596519308323,
      0.6024650915855787,
      0.8687648202448058,
      0.4881589841314916,
      0.005384129696584503,
      0.5418641152451903,
      0.061324655748826055
    ],
    [
      0.3524427579123998,
      0.5634819227526814,
      0.2561759228202379,
      0.6171274166135193,
      0.5701536180981455,
      0.7641099111823533,
      0.563398012735503,
      0.0,
      0.620761900305274,
      0.009905106497554972
    ]
  ],
  "best_optimized_reward": 0.9896798491292169,
  "target": [
    0.1428571492433548,
    0.1428571492433548,
    0.1428571492433548,
    0.1428571492433548,
    0.1428571492433548,
    0.1428571492433548,
    0.1428571492433548
  ],
  "training_summary": {
    "actual_iterations": 65,
    "max_iterations": 2000,
    "early_stopped": true,
    "keep_best_n": 10
  },
  "status": "rl_training_complete"
}