{
  "base_S": [
    0.1428571492433548,
    0.1428571492433548,
    0.1428571492433548,
    0.1428571492433548,
    0.1428571492433548,
    0.1428571492433548,
    0.1428571492433548
  ],
  "base_reward": 0.9896419048309326,
  "dS": 0.02,
  "distance_mode": "uniform_half",
  "n_samples": 20,
  "n_repeats": 1,
  "samples": [
    {
      "sample_index": 0,
      "S_perturbed": [
        0.14832185814026935,
        0.1501792686832424,
        0.13695923798010973,
        0.14029245619914596,
        0.1381882480703429,
        0.1336115980350376,
        0.1524473775953356
      ],
      "direction": [
        0.3035523978684675,
        0.40672741318611344,
        -0.3276158236689097,
        -0.14246298166142682,
        -0.2593470527366704,
        -0.513569760410289,
        0.5327158074227146
      ],
      "distance": 0.018002522580244894,
      "reward": 0.9829889535903931,
      "reward_change": -0.006652951240539551
    },
    {
      "sample_index": 1,
      "S_perturbed": [
        0.15318169955068947,
        0.1387566275156095,
        0.1380685601126427,
        0.14331251344107698,
        0.13966561072410424,
        0.1446143908221317,
        0.14240064253722898
      ],
      "direction": [
        0.8161488845353715,
        -0.3241435350201056,
        -0.3785348088964658,
        0.035996239154773235,
        -0.2522890125865874,
        0.13890878650270075,
        -0.03608655368968743
      ],
      "distance": 0.012650327045674236,
      "reward": 0.9875880479812622,
      "reward_change": -0.00205385684967041
    },
    {
      "sample_index": 2,
      "S_perturbed": [
        0.14133239511321646,
        0.14675756833470105,
        0.1430027977897575,
        0.1412124379219087,
        0.13119287378565844,
        0.14490684243464813,
        0.1515951293235933
      ],
      "direction": [
        -0.0990699102417535,
        0.2534271996035421,
        0.00946341979585175,
        -0.106864050910605,
        -0.7578787292900905,
        0.13317748512420094,
        0.5677445859188543
      ],
      "distance": 0.015390688519022488,
      "reward": 0.9866799116134644,
      "reward_change": -0.0029619932174682617
    },
    {
      "sample_index": 3,
      "S_perturbed": [
        0.15504591003089505,
        0.14398415053209765,
        0.13815499433697528,
        0.13490927990834892,
        0.13852057439254484,
        0.14691882907398168,
        0.14246630642864017
      ],
      "direction": [
        0.7410015178216061,
        0.06851473091497808,
        -0.28586203170229635,
        -0.4831814606376949,
        -0.26363701795526534,
        0.24692509532852244,
        -0.023760833769850442
      ],
      "distance": 0.016449036195462494,
      "reward": 0.9879284501075745,
      "reward_change": -0.0017134547233581543
    },
    {
      "sample_index": 4,
      "S_perturbed": [
        0.14084678064343098,
        0.132736256216404,
        0.14551519676611174,
        0.1372631939903383,
        0.14764598046413152,
        0.14641076257771862,
        0.14958187404534842
      ],
      "direction": [
        -0.1338418980859114,
        -0.6738065512478137,
        0.17696164059756375,
        -0.3724220468324851,
        0.31882027018633174,
        0.23658465106980073,
        0.4477039343125142
      ],
      "distance": 0.015020472876388698,
      "reward": 0.9924067258834839,
      "reward_change": 0.0027648210525512695
    },
    {
      "sample_index": 5,
      "S_perturbed": [
        0.1378892459205156,
        0.15304582131056485,
        0.14976054754147025,
        0.13928385337353597,
        0.13563089038937368,
        0.1364923676232536,
        0.14789731854476965
      ],
      "direction": [
        -0.2835115072798218,
        0.5814537013380693,
        0.3939675814248988,
        -0.20392315070860254,
        -0.41239279562217457,
        -0.3632294578531622,
        0.2876356287007932
      ],
      "distance": 0.01752275726126325,
      "reward": 0.9876067638397217,
      "reward_change": -0.0020351409912109375
    },
    {
      "sample_index": 6,
      "S_perturbed": [
        0.13799402076679362,
        0.15047220183214502,
        0.138554939526282,
        0.14918356792716245,
        0.14131553505235803,
        0.142558750735618,
        0.13992102886312446
      ],
      "direction": [
        -0.39541806034319216,
        0.6191753597676009,
        -0.3498100923538612,
        0.5143973096592074,
        -0.12534772546920928,
        -0.024262603734874,
        -0.2387341875256714
      ],
      "distance": 0.012298700955490904,
      "reward": 0.9875183701515198,
      "reward_change": -0.002123534679412842
    },
    {
      "sample_index": 7,
      "S_perturbed": [
        0.14558599481641496,
        0.15066633592666917,
        0.14397007081555152,
        0.13301133564205123,
        0.1450293065322075,
        0.14486774305659775,
        0.1368692579139915
      ],
      "direction": [
        0.1877617349124374,
        0.5373211494228739,
        0.07657600242391065,
        -0.6774538880674413,
        0.14945808040002465,
        0.13834149733704557,
        -0.41200457642885113
      ],
      "distance": 0.014533555382478539,
      "reward": 0.9909425973892212,
      "reward_change": 0.0013006925582885742
    },
    {
      "sample_index": 8,
      "S_perturbed": [
        0.13880619612998701,
        0.1421343781166049,
        0.1404220087885521,
        0.13996013847278171,
        0.14110608189612556,
        0.14252959506469526,
        0.15504164623473704
      ],
      "direction": [
        -0.2995445423474514,
        -0.05344474258904927,
        -0.18006454596538518,
        -0.21421718325579675,
        -0.12948129797268498,
        -0.02422073615633454,
        0.9009730482867021
      ],
      "distance": 0.013523708633185397,
      "reward": 0.9882675409317017,
      "reward_change": -0.001374363899230957
    },
    {
      "sample_index": 9,
      "S_perturbed": [
        0.1332406472524718,
        0.14219827515709718,
        0.14489110510027287,
        0.1491152977143195,
        0.1462375752222854,
        0.14516104536271943,
        0.13915609889431743
      ],
      "direction": [
        -0.7449380889523052,
        -0.05103939074127777,
        0.15755949413855028,
        0.48478471348105784,
        0.26186320878181035,
        0.1784702976125044,
        -0.28670023432033925
      ],
      "distance": 0.012909129139050755,
      "reward": 0.9916961193084717,
      "reward_change": 0.0020542144775390625
    },
    {
      "sample_index": 10,
      "S_perturbed": [
        0.14291245726117072,
        0.13756584019024157,
        0.14933982536987953,
        0.15115837708774357,
        0.1277126424542718,
        0.14301104357310335,
        0.14829985876707308
      ],
      "direction": [
        0.002772551719434436,
        -0.26524957126648285,
        0.3249719579710491,
        0.416134666224795,
        -0.759183387801376,
        0.007714613638401487,
        0.27283916951417925
      ],
      "distance": 0.019948416986496582,
      "reward": 0.9870532155036926,
      "reward_change": -0.0025886893272399902
    },
    {
      "sample_index": 11,
      "S_perturbed": [
        0.1445798038771322,
        0.1481280602713122,
        0.14841567676942585,
        0.13837217894435877,
        0.13565247931655874,
        0.14098083310192425,
        0.1438710124227716
      ],
      "direction": [
        0.14652642318507214,
        0.44833579796537837,
        0.4728000265410152,
        -0.38148485663789006,
        -0.6128184337725432,
        -0.15959664089218764,
        0.08623768361115526
      ],
      "distance": 0.01175661424289038,
      "reward": 0.9885672330856323,
      "reward_change": -0.001074671745300293
    },
    {
      "sample_index": 12,