{
  "base_S": [
    0.1428571492433548,
    0.1428571492433548,
    0.1428571492433548,
    0.1428571492433548,
    0.1428571492433548,
    0.1428571492433548,
    0.1428571492433548
  ],
  "base_reward": 0.9875699877738953,
  "dS": 0.02,
  "distance_mode": "uniform_half",
  "n_samples": 10,
  "n_repeats": 1,
  "samples": [
    {
      "sample_index": 0,
      "S_perturbed": [
        0.13431857922585358,
        0.15113026493722953,
        0.14330882180658958,
        0.13996191926034085,
        0.1424076842264099,
        0.14134646262625558,
        0.14752631262080457
      ],
      "direction": [
        -0.6468924304138004,
        0.6267812885923221,
        0.03421926172453913,
        -0.21934613834400613,
        -0.03405201533764026,
        -0.11445145209629556,
        0.3537414858748814
      ],
      "distance": 0.013199366101778793,
      "reward": 0.9879010319709778,
      "reward_change": 0.00033104419708251953
    },
    {
      "sample_index": 1,
      "S_perturbed": [
        0.14489482685664468,
        0.13849027377001813,
        0.13177328236916422,
        0.15081376079125236,
        0.1416321939796554,
        0.14860246654778914,
        0.14379324038895966
      ],
      "direction": [
        0.13024440622664857,
        -0.27912222197512815,
        -0.7084593020548625,
        0.5085711988359486,
        -0.07829676781752941,
        0.3672295538898311,
        0.05983313289509166
      ],
      "distance": 0.01564502977382355,
      "reward": 0.9854072332382202,
      "reward_change": -0.002162754535675049
    },
    {
      "sample_index": 2,
      "S_perturbed": [
        0.14998424338806757,
        0.13868343033103417,
        0.1525035548774428,
        0.12949609344961596,
        0.14248744575561165,
        0.14064117751001837,
        0.14620409939169304
      ],
      "direction": [
        0.3777163272259167,
        -0.22119558777045323,
        0.5112328858097269,
        -0.7080990961815022,
        -0.019593264901172348,
        -0.117440388376688,
        0.17737912419417218
      ],
      "distance": 0.018868906719115595,
      "reward": 0.9907923340797424,
      "reward_change": 0.003222346305847168
    },
    {
      "sample_index": 3,
      "S_perturbed": [
        0.1403609348419748,
        0.14788498934429392,
        0.14379067020078634,
        0.14724802132649484,
        0.13765457897497363,
        0.13840096685257092,
        0.14465988316238912
      ],
      "direction": [
        -0.24736144392081236,
        0.49823195735258075,
        0.09250691440324514,
        0.43511184694577826,
        -0.5155467787441624,
        -0.441583747753961,
        0.17864125171733172
      ],
      "distance": 0.010091364126169669,
      "reward": 0.9850450754165649,
      "reward_change": -0.0025249123573303223
    },
    {
      "sample_index": 4,
      "S_perturbed": [
        0.14622039460417446,
        0.14769556825287153,
        0.1479792113793736,
        0.1346847719571997,
        0.13131842450393483,
        0.14144717483987018,
        0.15065449916605927
      ],
      "direction": [
        0.18694107864043652,
        0.26893645021872975,
        0.28470233891509183,
        -0.45424964908242815,
        -0.6413631529983154,
        -0.0783713668094025,
        0.433404301115888
      ],
      "distance": 0.01799093802859965,
      "reward": 0.9867118000984192,
      "reward_change": -0.0008581876754760742
    },
    {
      "sample_index": 5,
      "S_perturbed": [
        0.14737464722480778,
        0.13964341482155365,
        0.14857283244583439,
        0.13197766179910783,
        0.14774387574519268,
        0.14236573582746667,
        0.14232187683952058
      ],
      "direction": [
        0.3146144318842811,
        -0.22381575675142265,
        0.3980602605604843,
        -0.7576857312425441,
        0.3403288033468233,
        -0.034223756888149666,
        -0.03727825090947228
      ],
      "distance": 0.014358839022090963,
      "reward": 0.9913052320480347,
      "reward_change": 0.0037352442741394043
    },
    {
      "sample_index": 6,
      "S_perturbed": [
        0.1397226370193997,
        0.14686310411290945,
        0.1549677184055147,
        0.1458268877998379,
        0.13559625634653608,
        0.13551222797196857,
        0.14151121304731717
      ],
      "direction": [
        -0.18411631181834034,
        0.23530348047661243,
        0.7113557609114457,
        0.1744377660759201,
        -0.4264934143352688,
        -0.43142910872982976,
        -0.07905817258053909
      ],
      "distance": 0.017024630751064525,
      "reward": 0.986648678779602,
      "reward_change": -0.0009213089942932129
    },
    {
      "sample_index": 7,
      "S_perturbed": [
        0.13561921144454905,
        0.13586991756020259,
        0.14916090967429135,
        0.1423664164344659,
        0.15092008786323804,
        0.14328746163323539,
        0.14277604009350126
      ],
      "direction": [
        -0.5038142247093061,
        -0.48636321714348923,
        0.438788542060906,
        -0.034158648018579124,
        0.5612404088807532,
        0.02995293813194608,
        -0.005645799202230311
      ],
      "distance": 0.014366283133394928,
      "reward": 0.9915616512298584,
      "reward_change": 0.003991663455963135
    },
    {
      "sample_index": 8,
      "S_perturbed": [
        0.13749569053845329,
        0.14221135670126792,
        0.13862298012147994,
        0.1453708271771599,
        0.1528929507223364,
        0.1402189749606874,
        0.1431872644820987
      ],
      "direction": [
        -0.4222860874020709,
        -0.050864740527048716,
        -0.33349705934330043,
        0.1979855255968033,
        0.7904526685300516,
        -0.2077912667114085,
        0.02600095985697357
      ],
      "distance": 0.012696271236131672,
      "reward": 0.9888452291488647,
      "reward_change": 0.0012752413749694824
    },
    {
      "sample_index": 9,
      "S_perturbed": [
        0.13329091183001215,
        0.14913220011688985,
        0.13645940123179873,
        0.1408601193450026,
        0.1469935456213195,
        0.14892136167352127,
        0.1443425048849395
      ],
      "direction": [
        -0.6281907411660343,
        0.4120668021057572,
        -0.4201240144392991,
        -0.13113992866483207,
        0.27162674248560126,
        0.3982215720238373,
        0.09753956765497
      ],
      "distance": 0.015228236881661122,
      "reward": 0.98872309923172,
      "reward_change": 0.001153111457824707
    }
  ],
  "gradient_computed": [
    -0.09547785910669984,
    -0.11043229596575027,
    0.13284318908662954,
    -0.18729671785744723,
    0.18070967881032501,
    0.10279065639715194,
    -0.02313665136420904
  ],
  "gradient_magnitude": 0.34321407120539393,
  "gradient_dot_S": 5.377642775528102e-17,
  "linear_regression": {
    "matrix_rank": 7,
    "residuals": 7.210979752087985e-08,
    "intercept": 0.00012273839897711247,
    "r2_with_intercept": 0.9985785154005695,
    "r2_no_intercept": 0.9956088413047551
  }
}