{
  "checkpoint_type": "post_rl_training",
  "best_rewards_all": [
    0.9897238015053162,
    0.9897174490729322,
    0.9897113477083735,
    0.9897113531710726,
    0.9897049632043401,
    0.989703100922988,
    0.9896993757548864,
    0.9896955319433156,
    0.9896946639612466,
    0.9896932577966782
  ],
  "best_min_idxs_all": [
    [
      1,
      0,
      1,
      0,
      1,
      0,
      1
    ],
    [
      1,
      0,
      1,
      0,
      1,
      0,
      1
    ],
    [
      1,
      0,
      1,
      0,
      1,
      0,
      1
    ],
    [
      1,
      0,
      1,
      0,
      1,
      0,
      1
    ],
    [
      1,
      0,
      1,
      0,
      1,
      0,
      1
    ],
    [
      1,
      0,
      1,
      0,
      1,
      0,
      1
    ],
    [
      1,
      0,
      1,
      0,
      1,
      0,
      1
    ],
    [
      1,
      0,
      1,
      0,
      1,
      0,
      1
    ],
    [
      1,
      0,
      1,
      0,
      1,
      0,
      1
    ],
    [
      1,
      0,
      1,
      0,
      1,
      0,
      1
    ]
  ],
  "best_ws_all": [
    [
      0.0,
      0.5485235873691698,
      0.8416027774221525,
      0.5589942427198707,
      0.5516355079477344,
      0.5396330950584968,
      0.5327378782140875,
      0.0,
      0.5468425897329132,
      0.0
    ],
    [
      0.0,
      0.5332832452136212,
      0.9135137451249549,
      0.5089153694879668,
      0.5282059396162018,
      0.5397339061197319,
      0.5234047939174743,
      0.0,
      0.5271052856728361,
      0.0
    ],
    [
      0.0,
      0.5353303747055945,
      0.8950437214856932,
      0.5334347665186706,
      0.5469034168837638,
      0.5400519756900447,
      0.5211045903111551,
      0.0,
      0.515224221603145,
      0.0
    ],
    [
      0.0,
      0.53342667560326,
      0.9045393141086828,
      0.5439931095555,
      0.531764270053891,
      0.5097297227866743,
      0.5226115826528807,
      0.0,
      0.5344301752537088,
      0.0
    ],
    [
      0.0,
      0.5510942367004795,
      0.8103000122900581,
      0.5286274880198131,
      0.5658020974157207,
      0.5566096186152828,
      0.5644813721477059,
      0.0,
      0.5582799573612452,
      0.0
    ],
    [
      0.0,
      0.5196943819982934,
      0.8554719709348235,
      0.5404625369651014,
      0.5449028331089658,
      0.5383718011240303,
      0.5560687714830653,
      0.0,
      0.5567853536212602,
      0.0
    ],
    [
      0.0,
      0.5035137205583086,
      0.9053535237337259,
      0.5282948067115583,
      0.5437365901852547,
      0.5370648989931094,
      0.5351914019712557,
      0.0,
      0.5264935949214661,
      0.0
    ],
    [
      0.0,
      0.5129703352212894,
      0.9250999501249565,
      0.5354625358067633,
      0.5105554481080518,
      0.5397322602105863,
      0.5074811489025063,
      0.0,
      0.5336820171346442,
      0.0
    ],
    [
      0.0,
      0.516750450215953,
      0.872466979255284,
      0.5264421909599378,
      0.5555588973650168,
      0.5630195860491387,
      0.5406196386936425,
      0.025037740788270826,
      0.5254481296633079,
      0.0
    ],
    [
      0.0,
      0.5349089347768734,
      0.8234820724922671,
      0.5580674419931992,
      0.5555839531479694,
      0.5672449311441102,
      0.561145549026246,
      0.0,
      0.5281910353941084,
      0.0
    ]
  ],
  "best_optimized_reward": 0.9897238015053162,
  "target": [
    0.1428571492433548,
    0.1428571492433548,
    0.1428571492433548,
    0.1428571492433548,
    0.1428571492433548,
    0.1428571492433548,
    0.1428571492433548
  ],
  "training_summary": {
    "actual_iterations": 107,
    "max_iterations": 2000,
    "early_stopped": true,
    "keep_best_n": 10
  },
  "status": "rl_training_complete"
}