{
  "base_S": [
    0.1428571492433548,
    0.1428571492433548,
    0.1428571492433548,
    0.1428571492433548,
    0.1428571492433548,
    0.1428571492433548,
    0.1428571492433548
  ],
  "base_reward": 0.9894078373908997,
  "dS": 0.02,
  "distance_mode": "uniform_half",
  "n_samples": 20,
  "n_repeats": 1,
  "samples": [
    {
      "sample_index": 0,
      "S_perturbed": [
        0.14995288611905025,
        0.13997181917606605,
        0.13504091410781693,
        0.14580665021123576,
        0.15201241511562744,
        0.14285492445903664,
        0.13436043551465052
      ],
      "direction": [
        0.420698600262987,
        -0.1710681134136776,
        -0.4634161664182171,
        0.17487273702496686,
        0.5428058572314377,
        -0.0001319050670760854,
        -0.5037610096204211
      ],
      "distance": 0.01686655689194061,
      "reward": 0.9899117350578308,
      "reward_change": 0.0005038976669311523
    },
    {
      "sample_index": 1,
      "S_perturbed": [
        0.13802606354237157,
        0.14579141412423993,
        0.13033718372723554,
        0.14953457849597723,
        0.1383459053583509,
        0.1517111041051955,
        0.14625379535011288
      ],
      "direction": [
        -0.26063841510195296,
        0.15830440513352392,
        -0.6754556162372142,
        0.3602491624200993,
        -0.24338286031367415,
        0.4776733234321906,
        0.18325000066702782
      ],
      "distance": 0.01853558578114234,
      "reward": 0.9868552684783936,
      "reward_change": -0.0025525689125061035
    },
    {
      "sample_index": 2,
      "S_perturbed": [
        0.146828657556723,
        0.15066219770583608,
        0.14553405143035406,
        0.13254563035396136,
        0.13961591683157604,
        0.14527380443527238,
        0.13953978638976064
      ],
      "direction": [
        0.26927145242141126,
        0.5291885525299124,
        0.18149611759770598,
        -0.6991292599518621,
        -0.2197581599457437,
        0.16385116237551306,
        -0.22491986502693684
      ],
      "distance": 0.014749087872682396,
      "reward": 0.9898585677146912,
      "reward_change": 0.0004507303237915039
    },
    {
      "sample_index": 3,
      "S_perturbed": [
        0.13756487886037783,
        0.1429599030282614,
        0.13866707496615946,
        0.14665520389657694,
        0.1449530261593566,
        0.15043344452866705,
        0.13876651326408435
      ],
      "direction": [
        -0.44965041625286895,
        0.008730332883866043,
        -0.356003852133403,
        0.32269644825134924,
        0.17807327658963326,
        0.6437094256660022,
        -0.34755521500457837
      ],
      "distance": 0.011769744209467761,
      "reward": 0.99082350730896,
      "reward_change": 0.0014156699180603027
    },
    {
      "sample_index": 4,
      "S_perturbed": [
        0.15404356605796002,
        0.14670637315396948,
        0.13878637792155119,
        0.14305991483131633,
        0.1386122594969136,
        0.13995101503907656,
        0.13884053820269637
      ],
      "direction": [
        0.7926602774899749,
        0.27275283441300463,
        -0.28845150140715137,
        0.014367802477122512,
        -0.30078938949738726,
        -0.20592627496042235,
        -0.2846137485151415
      ],
      "distance": 0.01411249829501732,
      "reward": 0.9859360456466675,
      "reward_change": -0.0034717917442321777
    },
    {
      "sample_index": 5,
      "S_perturbed": [
        0.14835934482209595,
        0.13414737743925695,
        0.15022635556999936,
        0.13773419057901887,
        0.13376140677944293,
        0.15267398126418819,
        0.14309738824948137
      ],
      "direction": [
        0.2876654367326613,
        -0.45536373144352466,
        0.38527637303876155,
        -0.2678381966707074,
        -0.4755430247515231,
        0.5132429827676734,
        0.012560160326658524
      ],
      "distance": 0.01912706525064583,
      "reward": 0.9916244745254517,
      "reward_change": 0.002216637134552002
    },
    {
      "sample_index": 6,
      "S_perturbed": [
        0.15052326565750906,
        0.1495863473818041,
        0.1457527674826676,
        0.1430102688403493,
        0.13101853531614766,
        0.14402257544892846,
        0.13608628457607735
      ],
      "direction": [
        0.44273989228377075,
        0.3886302135292932,
        0.1672301381963427,
        0.00884308954071166,
        -0.6837134178191406,
        0.06730665761449833,
        -0.3910365733454762
      ],
      "distance": 0.01731516980457849,
      "reward": 0.9870473146438599,
      "reward_change": -0.002360522747039795
    },
    {
      "sample_index": 7,
      "S_perturbed": [
        0.13182643263457136,
        0.13843740360255535,
        0.14630626438381905,
        0.14544339909648724,
        0.14324010833491171,
        0.14166329539888425,
        0.1530831412522546
      ],
      "direction": [
        -0.6764144455688431,
        -0.2710231713138335,
        0.21150314963059727,
        0.15859139732736,
        0.023483430023463744,
        -0.07320829778681444,
        0.6270679376880705
      ],
      "distance": 0.01630763015344381,
      "reward": 0.9900636672973633,
      "reward_change": 0.000655829906463623
    },
    {
      "sample_index": 8,
      "S_perturbed": [
        0.14419215675646702,
        0.13827166561711496,
        0.12952522363474286,
        0.1493957128021689,
        0.14543793286059464,
        0.1508331158700135,
        0.1423442371623817
      ],
      "direction": [
        0.07535785129244976,
        -0.2588391374701589,
        -0.7525540175528128,
        0.3690856384640666,
        0.14567881164396512,
        0.45022346395946494,
        -0.02895261033697478
      ],
      "distance": 0.017715572965732423,
      "reward": 0.9885585308074951,
      "reward_change": -0.000849306583404541
    },
    {
      "sample_index": 9,
      "S_perturbed": [
        0.1485358681575327,
        0.1447036488014503,
        0.1496207162501175,
        0.14453908341883903,
        0.1410889554900879,
        0.13326707403682983,
        0.13824469854862634
      ],
      "direction": [
        0.4009421965066809,
        0.13037088115473394,
        0.47753717922911815,
        0.1187518510582817,
        -0.12484215154834082,
        -0.6771009229508637,
        -0.3256590334496105
      ],
      "distance": 0.014163435436966465,
      "reward": 0.9880802035331726,
      "reward_change": -0.0013276338577270508
    },
    {
      "sample_index": 10,
      "S_perturbed": [
        0.14476913757823257,
        0.1441430000508993,
        0.13418510951934515,
        0.14030460070527725,
        0.14887858815416585,
        0.13857350314147943,
        0.149146105554084
      ],
      "direction": [
        0.14204353394340777,
        0.0955271480980464,
        -0.6442545419476557,
        -0.1896313948661141,
        0.4473387450716953,
        -0.31823637172565417,
        0.46721288142627454
      ],
      "distance": 0.013460579878557125,
      "reward": 0.987288773059845,
      "reward_change": -0.0021190643310546875
    },
    {
      "sample_index": 11,
      "S_perturbed": [
        0.14481794617134666,
        0.13431652683400955,
        0.1494434118470529,
        0.1466410459162676,
        0.13302322443021222,
        0.14246745165557576,
        0.14929043784901888
      ],
      "direction": [
        0.11873181159891165,
        -0.517158894104522,
        0.3988168685087215,
        0.22912566847916402,
        -0.5954720203421004,
        -0.023597293484193947,
        0.38955385934401904
      ],
      "distance": 0.01651450358237313,
      "reward": 0.9883100390434265,
      "reward_change": -0.0010977983474731445
    },
    {
      "sample_index": 12,