{
  "checkpoint_type": "post_rl_training",
  "best_rewards_all": [
    0.9897212973736319,
    0.9897125046279158,
    0.9897075530042858,
    0.9896989954779364,
    0.9896958554253543,
    0.9896880258917498,
    0.9896830948775529,
    0.9896774029567934,
    0.9896739492629578,
    0.9896703632340589
  ],
  "best_min_idxs_all": [
    [
      0,
      0,
      0,
      0,
      0,
      0,
      0
    ],
    [
      0,
      0,
      0,
      0,
      0,
      0,
      0
    ],
    [
      0,
      0,
      0,
      0,
      0,
      0,
      0
    ],
    [
      0,
      0,
      0,
      0,
      0,
      0,
      0
    ],
    [
      0,
      0,
      0,
      0,
      0,
      0,
      0
    ],
    [
      0,
      0,
      0,
      0,
      0,
      0,
      0
    ],
    [
      0,
      0,
      0,
      0,
      0,
      0,
      0
    ],
    [
      0,
      0,
      0,
      0,
      0,
      0,
      0
    ],
    [
      0,
      0,
      0,
      0,
      0,
      0,
      0
    ],
    [
      0,
      0,
      0,
      0,
      0,
      0,
      0
    ]
  ],
  "best_ws_all": [
    [
      0.585793044954057,
      0.592574209340368,
      0.4904225287836588,
      0.10237898943101546,
      0.5875011598083125,
      0.0,
      0.5789441883008289,
      0.0,
      0.6105137888273232,
      0.7082693897105156
    ],
    [
      0.6309463383659633,
      0.6166803081781402,
      0.41910400604778086,
      0.17494582593648392,
      0.5986760957570826,
      0.0,
      0.6070769645815918,
      0.022968661236517796,
      0.5903078209599772,
      0.6628812218398886
    ],
    [
      0.6313891921151386,
      0.6208534405527354,
      0.4015772453125818,
      0.23475245175271725,
      0.6013269374923766,
      0.0,
      0.6026567602620423,
      0.026815151306015594,
      0.5985433017479165,
      0.644789347792678
    ],
    [
      0.5883759713464872,
      0.5854067970134826,
      0.4655596804299007,
      0.16241040916294094,
      0.5953929812191376,
      0.0,
      0.5947481743675583,
      0.0,
      0.6095361526791527,
      0.6987396703240547
    ],
    [
      0.5812038997497174,
      0.6255227579263538,
      0.47447700637726087,
      0.11907798506004096,
      0.5942856287731213,
      0.0,
      0.6045618709738605,
      0.0,
      0.6181009414970048,
      0.6564267452230138
    ],
    [
      0.5878076834927342,
      0.6102121176129569,
      0.5411004572938413,
      0.021844453392514132,
      0.6104814691829427,
      0.008736803386171258,
      0.5855766110788025,
      0.0,
      0.5872902691726035,
      0.6544330600306325
    ],
    [
      0.6082468474089802,
      0.6243606960583258,
      0.5030888327904504,
      0.10195009622749902,
      0.6109319036907999,
      0.0,
      0.5853015938116386,
      0.07357987917146284,
      0.5684684610408121,
      0.6575189438735898
    ],
    [
      0.594676583686097,
      0.5830446718125473,
      0.48617744693715936,
      0.13725310893703221,
      0.5801497852114772,
      0.0,
      0.625700542642527,
      0.0,
      0.5962026449017985,
      0.683870754990474
    ],
    [
      0.6239519555263474,
      0.6257017265759934,
      0.465716688136028,
      0.1053315327170107,
      0.5953178390825872,
      0.0,
      0.5986872408394254,
      0.0,
      0.60218963261097,
      0.644773173809009
    ],
    [
      0.6215383320138498,
      0.5866427689315288,
      0.47439891428075465,
      0.11077350004329414,
      0.6210947959963968,
      0.009883566841616004,
      0.5736294195405226,
      0.0,
      0.5743098160854114,
      0.6981950723067414
    ]
  ],
  "best_optimized_reward": 0.9897212973736319,
  "target": [
    0.1428571492433548,
    0.1428571492433548,
    0.1428571492433548,
    0.1428571492433548,
    0.1428571492433548,
    0.1428571492433548,
    0.1428571492433548
  ],
  "training_summary": {
    "actual_iterations": 60,
    "max_iterations": 2000,
    "early_stopped": true,
    "keep_best_n": 10
  },
  "status": "rl_training_complete"
}