{
  "base_S": [
    0.1428571492433548,
    0.1428571492433548,
    0.1428571492433548,
    0.1428571492433548,
    0.1428571492433548,
    0.1428571492433548,
    0.1428571492433548
  ],
  "base_reward": 0.9895079731941223,
  "dS": 0.02,
  "distance_mode": "uniform_half",
  "n_samples": 20,
  "n_repeats": 1,
  "samples": [
    {
      "sample_index": 0,
      "S_perturbed": [
        0.14862733929432786,
        0.13997294850052422,
        0.14695291136644864,
        0.13576647758334498,
        0.14702563411722427,
        0.14198670602088054,
        0.13966802782073306
      ],
      "direction": [
        0.4930327329379805,
        -0.24643995466660926,
        0.34996157408581213,
        -0.6058610194842694,
        0.3561753549569699,
        -0.074374846764614,
        -0.2724938410652702
      ],
      "distance": 0.011703462398101865,
      "reward": 0.9912474155426025,
      "reward_change": 0.0017394423484802246
    },
    {
      "sample_index": 1,
      "S_perturbed": [
        0.1334863784341156,
        0.13908816119919498,
        0.15277452599266372,
        0.13875670400098258,
        0.13991274910878015,
        0.1477972905320147,
        0.1481842354357318
      ],
      "direction": [
        -0.5613787262814413,
        -0.22579035926418067,
        0.5941244792894728,
        -0.24564710568741321,
        -0.17639142295324275,
        0.2959511315273983,
        0.31913200336940717
      ],
      "distance": 0.01669242237109864,
      "reward": 0.9926760196685791,
      "reward_change": 0.003168046474456787
    },
    {
      "sample_index": 2,
      "S_perturbed": [
        0.14097652043885242,
        0.14828020268709824,
        0.14302528835960182,
        0.14584858516273444,
        0.137049339658797,
        0.14776215102992712,
        0.13705795736647253
      ],
      "direction": [
        -0.16286098998405069,
        0.4696322051805266,
        0.014560716533468906,
        0.2590560211231739,
        -0.5029517873572166,
        0.42476933508740894,
        -0.5022055005833113
      ],
      "distance": 0.011547447947397071,
      "reward": 0.9891663789749146,
      "reward_change": -0.00034159421920776367
    },
    {
      "sample_index": 3,
      "S_perturbed": [
        0.13520440458581792,
        0.1392628194478605,
        0.13900744498455392,
        0.13953983397020864,
        0.14946173029096235,
        0.15686707056048396,
        0.14065674086359625
      ],
      "direction": [
        -0.41378358165298235,
        -0.194345260815269,
        -0.2081533473016816,
        -0.17936709724695787,
        0.3571094193643289,
        0.7575158561665675,
        -0.11897598851400518
      ],
      "distance": 0.018494558500764327,
      "reward": 0.9937558770179749,
      "reward_change": 0.004247903823852539
    },
    {
      "sample_index": 4,
      "S_perturbed": [
        0.14456723002799693,
        0.15073460179361306,
        0.13690030944401185,
        0.13897486666785028,
        0.140519235379705,
        0.14490217109512618,
        0.14340163029518024
      ],
      "direction": [
        0.15266198838758233,
        0.7032343621140175,
        -0.5317778063123956,
        -0.34657835043916296,
        -0.20870977693510528,
        0.18256278006936763,
        0.04860680311569631
      ],
      "distance": 0.01120174578298133,
      "reward": 0.9877244234085083,
      "reward_change": -0.0017835497856140137
    },
    {
      "sample_index": 5,
      "S_perturbed": [
        0.1403241021434798,
        0.15219347713409695,
        0.14197997949111416,
        0.13842076522723074,
        0.1389572436557406,
        0.14607919564954247,
        0.14204528140227887
      ],
      "direction": [
        -0.21386455121868506,
        0.7882638954808988,
        -0.07405922906637182,
        -0.3745628246268844,
        -0.32926808124945933,
        0.2720365952528495,
        -0.06854580457234778
      ],
      "distance": 0.01184416531604091,
      "reward": 0.9889439344406128,
      "reward_change": -0.0005640387535095215
    },
    {
      "sample_index": 6,
      "S_perturbed": [
        0.13275758911413985,
        0.14824399444158576,
        0.1490898434043185,
        0.1391308618170751,
        0.13682746073576416,
        0.146443486275064,
        0.14750680891553625
      ],
      "direction": [
        -0.6329690411606286,
        0.337609380644386,
        0.3906212148290154,
        -0.23353735698630937,
        -0.3778982554009098,
        0.22476625548010667,
        0.2914078025943402
      ],
      "distance": 0.015955851664871533,
      "reward": 0.9905515909194946,
      "reward_change": 0.0010436177253723145
    },
    {
      "sample_index": 7,
      "S_perturbed": [
        0.1493442454737489,
        0.14217975917800196,
        0.1382961613582639,
        0.1383732395479896,
        0.1374704982137242,
        0.15332437868999668,
        0.14101176224175835
      ],
      "direction": [
        0.4320568888686946,
        -0.04511587832097382,
        -0.30377323933739064,
        -0.2986396384673275,
        -0.3587644768362197,
        0.6971437495565156,
        -0.12290740546329904
      ],
      "distance": 0.01501444924852378,
      "reward": 0.98970627784729,
      "reward_change": 0.0001983046531677246
    },
    {
      "sample_index": 8,
      "S_perturbed": [
        0.14660223523145038,
        0.1374652586462714,
        0.14451640746822508,
        0.15051672741181463,
        0.14408597885117252,
        0.1485900323726045,
        0.12822340472194502
      ],
      "direction": [
        0.19931870910988897,
        -0.2869639513988583,
        0.0883080411270575,
        0.40765345247520945,
        0.06540002871090007,
        0.3051120504127511,
        -0.778828330436949
      ],
      "distance": 0.018789435295965346,
      "reward": 0.9914543628692627,
      "reward_change": 0.0019463896751403809
    },
    {
      "sample_index": 9,
      "S_perturbed": [
        0.13240418442927787,
        0.14425914491961597,
        0.13752335323283518,
        0.1381400346309392,
        0.15544694614434104,
        0.14188880692923025,
        0.15033757441724405
      ],
      "direction": [
        -0.538121003560838,
        0.07217505594983047,
        -0.2745850304694691,
        -0.2428381319839657,
        0.648125604886972,
        -0.049850482340223476,
        0.38509398751769425
      ],
      "distance": 0.019424933695038653,
      "reward": 0.9912893772125244,
      "reward_change": 0.0017814040184020996
    },
    {
      "sample_index": 10,
      "S_perturbed": [
        0.1429123951640131,
        0.13869409547326303,
        0.14239499864040525,
        0.1382709011673944,
        0.15487728034313905,
        0.14093365928753435,
        0.14191671462773436
      ],
      "direction": [
        0.004032988332692177,
        -0.3039056473868888,
        -0.0337372962099706,
        -0.33479910843690497,
        0.8774774301016759,
        -0.14041602452156404,
        -0.06865234187903976
      ],
      "distance": 0.0136985074344208,
      "reward": 0.9919041991233826,
      "reward_change": 0.002396225929260254
    },
    {
      "sample_index": 11,
      "S_perturbed": [
        0.14425954422714737,
        0.14420330249430352,
        0.14013536524090298,
        0.14466874495372245,
        0.1479239170454521,
        0.14397535449244217,
        0.134833816249513
      ],
      "direction": [
        0.13636374307892,
        0.1308950033183907,
        -0.2646562906428296,
        0.1761529204442629,
        0.49267391197965904,
        0.10873017591925582,
        -0.7801594640976593
      ],
      "distance": 0.010284221832932178,
      "reward": 0.9904420375823975,
      "reward_change": 0.0009340643882751465
    },
    {
      "sample_index": 12,