{
  "base_S": [
    0.1428571492433548,
    0.1428571492433548,
    0.1428571492433548,
    0.1428571492433548,
    0.1428571492433548,
    0.1428571492433548,
    0.1428571492433548
  ],
  "base_reward": 0.9875699877738953,
  "dS": 0.02,
  "distance_mode": "uniform_half",
  "n_samples": 20,
  "n_repeats": 1,
  "samples": [
    {
      "sample_index": 0,
      "S_perturbed": [
        0.13445685386052184,
        0.15119911589287613,
        0.135648560523479,
        0.13902426873944615,
        0.1409720537366094,
        0.15137831058751391,
        0.14732088136303717
      ],
      "direction": [
        -0.4826665845426982,
        0.4793151154329613,
        -0.4141931608626448,
        -0.22023074873802528,
        -0.10831435899706891,
        0.48961133565942444,
        0.25647840204805183
      ],
      "distance": 0.017403929859349625,
      "reward": 0.9881805777549744,
      "reward_change": 0.0006105899810791016
    },
    {
      "sample_index": 1,
      "S_perturbed": [
        0.14819082276780543,
        0.14483635918779805,
        0.1405665505516443,
        0.14428887788759612,
        0.13789145077216466,
        0.14875083047964904,
        0.135475153056826
      ],
      "direction": [
        0.43042963630673836,
        0.1597230525370665,
        -0.18485225188191362,
        0.11554108754607456,
        -0.4007338989094667,
        0.4756224878438292,
        -0.5957301134423288
      ],
      "distance": 0.012391510887158534,
      "reward": 0.98707115650177,
      "reward_change": -0.0004988312721252441
    },
    {
      "sample_index": 2,
      "S_perturbed": [
        0.1407192447793947,
        0.14175578105136433,
        0.13267004863856702,
        0.14181296803794652,
        0.14853638673419256,
        0.14272465608713258,
        0.1517809593748859
      ],
      "direction": [
        -0.14330719512940993,
        -0.07382649180990222,
        -0.6828578352229381,
        -0.06999315557661888,
        0.3806884774346661,
        -0.008881230621913936,
        0.5981774309261173
      ],
      "distance": 0.014918333039939283,
      "reward": 0.9869902729988098,
      "reward_change": -0.0005797147750854492
    },
    {
      "sample_index": 3,
      "S_perturbed": [
        0.1453263378538322,
        0.13639448064653636,
        0.14199032461728783,
        0.1373095579062496,
        0.14423451903957335,
        0.14822466124835817,
        0.14652016339164606
      ],
      "direction": [
        0.22217447961477174,
        -0.5815027763890617,
        -0.07799578752165955,
        -0.4991652776976229,
        0.12393399856675845,
        0.48296196632265165,
        0.32959339710416247
      ],
      "distance": 0.0111137364415514,
      "reward": 0.9904040098190308,
      "reward_change": 0.002834022045135498
    },
    {
      "sample_index": 4,
      "S_perturbed": [
        0.14299075584751006,
        0.1481152962492205,
        0.15012097055931203,
        0.14266593111870812,
        0.13115139119894376,
        0.14009256021688601,
        0.14486313951290308
      ],
      "direction": [
        0.008825941283897444,
        0.34734882328077976,
        0.4798420020978826,
        -0.012631710469845937,
        -0.7732726524762225,
        -0.18262645455284102,
        0.13251405083634943
      ],
      "distance": 0.015137943915287978,
      "reward": 0.9848689436912537,
      "reward_change": -0.0027010440826416016
    },
    {
      "sample_index": 5,
      "S_perturbed": [
        0.14145357837853445,
        0.14482385649168233,
        0.1352164104556946,
        0.14378752352214386,
        0.14152208422070625,
        0.14413305190414388,
        0.1490635397305782
      ],
      "direction": [
        -0.13567941368555791,
        0.19011629055036816,
        -0.7386096312044228,
        0.08993677470668995,
        -0.12905713850667225,
        0.12333807239427418,
        0.599955045745321
      ],
      "distance": 0.01034475921360616,
      "reward": 0.985213041305542,
      "reward_change": -0.0023569464683532715
    },
    {
      "sample_index": 6,
      "S_perturbed": [
        0.1463660458156403,
        0.1386577224932064,
        0.15351489302471727,
        0.14564219023457567,
        0.14892388851757968,
        0.1338299203630117,
        0.13306538425475256
      ],
      "direction": [
        0.18354682339984377,
        -0.21966775714566505,
        0.5574957754894339,
        0.14568267158811904,
        0.31734498274303935,
        -0.4722051935577799,
        -0.5121973025169914
      ],
      "distance": 0.01911717406648666,
      "reward": 0.9903144240379333,
      "reward_change": 0.002744436264038086
    },
    {
      "sample_index": 7,
      "S_perturbed": [
        0.14163027769151576,
        0.1317283873998895,
        0.13579263854067153,
        0.14688193021093185,
        0.14937128561135318,
        0.15474813131326126,
        0.13984739393586051
      ],
      "direction": [
        -0.06258011286405851,
        -0.5676545121266761,
        -0.3603456909898845,
        0.20529553140794665,
        0.3322722647779604,
        0.6065337474683516,
        -0.15352122767363965
      ],
      "distance": 0.01960481526302362,
      "reward": 0.9906646609306335,
      "reward_change": 0.0030946731567382812
    },
    {
      "sample_index": 8,
      "S_perturbed": [
        0.13208611472997575,
        0.14129850009552428,
        0.15356829204782035,
        0.1413105277134929,
        0.14644325571528333,
        0.14058925941318268,
        0.14470409498820436
      ],
      "direction": [
        -0.6719049713590974,
        -0.09722966811879687,
        0.6681688829720259,
        -0.09647937655704546,
        0.22370393143935008,
        -0.14147261801961783,
        0.11521381964318207
      ],
      "distance": 0.01603059208148426,
      "reward": 0.9907732605934143,
      "reward_change": 0.003203272819519043
    },
    {
      "sample_index": 9,
      "S_perturbed": [
        0.14139436314971096,
        0.14749209722465784,
        0.15006590882590562,
        0.13972716426082046,
        0.14140082135422513,
        0.14171221480955654,
        0.13820747507860706
      ],
      "direction": [
        -0.1391951263045499,
        0.4410502482050398,
        0.6859678287566578,
        -0.2978416713614805,
        -0.1385805794497808,
        -0.10894914424978194,
        -0.4424515555961046
      ],
      "distance": 0.010508888726774484,
      "reward": 0.9886117577552795,
      "reward_change": 0.0010417699813842773
    },
    {
      "sample_index": 10,
      "S_perturbed": [
        0.13997408739123926,
        0.14900360376831612,
        0.1456742846426107,
        0.14583052163205906,
        0.14083518003695156,
        0.14516681811602866,
        0.13351554911627822
      ],
      "direction": [
        -0.2282425539113924,
        0.48659465187956435,
        0.22302337279671852,
        0.23539214298489655,
        -0.16007267248221904,
        0.18284891175744555,
        -0.7395438530250136
      ],
      "distance": 0.012631570242746146,
      "reward": 0.9888272285461426,
      "reward_change": 0.0012572407722473145
    },
    {
      "sample_index": 11,
      "S_perturbed": [
        0.14163777232151772,
        0.14253574185999632,
        0.14694232096113335,
        0.13759987192565518,
        0.15199883260057845,
        0.14697587719440097,
        0.13230962784020156
      ],
      "direction": [
        -0.07595893073121832,
        -0.020021505025900554,
        0.25447855374232903,
        -0.3274928010022674,
        0.5694650115666677,
        0.2565688800005428,
        -0.6570392085501532
      ],
      "distance": 0.016053108042711477,
      "reward": 0.9921557903289795,
      "reward_change": 0.0045858025550842285
    },
    {
      "sample_index": 12,