{
  "base_S": [
    0.1428571492433548,
    0.1428571492433548,
    0.1428571492433548,
    0.1428571492433548,
    0.1428571492433548,
    0.1428571492433548,
    0.1428571492433548
  ],
  "base_reward": 0.9894599318504333,
  "dS": 0.02,
  "distance_mode": "uniform_half",
  "n_samples": 10,
  "n_repeats": 1,
  "samples": [
    {
      "sample_index": 0,
      "S_perturbed": [
        0.139127995748246,
        0.13585216037269848,
        0.14580855235253132,
        0.14451333206318293,
        0.1506776562720124,
        0.14663230332416513,
        0.13738804457064735
      ],
      "direction": [
        -0.27814528438195635,
        -0.5224790623600465,
        0.22013544312520664,
        0.12352922506778272,
        0.583305877419666,
        0.281576316654688,
        -0.40792251552534053
      ],
      "distance": 0.013407214518826198,
      "reward": 0.9932873249053955,
      "reward_change": 0.003827393054962158
    },
    {
      "sample_index": 1,
      "S_perturbed": [
        0.13783048050514768,
        0.14139365256437844,
        0.14134218927521394,
        0.13844964269248347,
        0.1508733885957055,
        0.1409848214568251,
        0.14912586961372942
      ],
      "direction": [
        -0.40220687007035066,
        -0.117101096027143,
        -0.12121891033645905,
        -0.3526648575757969,
        0.6414161560194132,
        -0.14981355207314864,
        0.5015891300634855
      ],
      "distance": 0.012497719736432867,
      "reward": 0.9908239841461182,
      "reward_change": 0.0013640522956848145
    },
    {
      "sample_index": 2,
      "S_perturbed": [
        0.15207872069796127,
        0.1439019572316417,
        0.13906327832101267,
        0.1421465727641137,
        0.13471242178952791,
        0.1454706934175331,
        0.1426264004816932
      ],
      "direction": [
        0.6985882161585222,
        0.079150343556782,
        -0.28740801207485356,
        -0.053830343073389623,
        -0.6170109564378005,
        0.19799132625911284,
        -0.017480574388373978
      ],
      "distance": 0.01320029631377857,
      "reward": 0.9865769147872925,
      "reward_change": -0.002883017063140869
    },
    {
      "sample_index": 3,
      "S_perturbed": [
        0.1422593472393251,
        0.13032875333049726,
        0.15006073087158803,
        0.15343960061577483,
        0.14315590590031774,
        0.1393643318914658,
        0.1413913748545148
      ],
      "direction": [
        -0.032630478898655786,
        -0.6838511007202928,
        0.39320095404553557,
        0.577633487134732,
        0.01630736050590066,
        -0.190652259660226,
        -0.08000796240699354
      ],
      "distance": 0.018320356433822384,
      "reward": 0.9907007813453674,
      "reward_change": 0.001240849494934082
    },
    {
      "sample_index": 4,
      "S_perturbed": [
        0.13485191193260665,
        0.13730390294596878,
        0.14441267175432684,
        0.1399037153030437,
        0.15111366931542466,
        0.14351599019156633,
        0.1488981832605466
      ],
      "direction": [
        -0.5508904182724698,
        -0.3821535898042122,
        0.10704522719783628,
        -0.20324425067743754,
        0.5681827557904741,
        0.045338963911535135,
        0.41572131185427436
      ],
      "distance": 0.01453145134716934,
      "reward": 0.9923515915870667,
      "reward_change": 0.0028916597366333008
    },
    {
      "sample_index": 5,
      "S_perturbed": [
        0.1412329937596266,
        0.15031658155940186,
        0.14342070697837622,
        0.1413745457117305,
        0.1491003612185331,
        0.12779613451688823,
        0.14675872095892706
      ],
      "direction": [
        -0.08784599756230227,
        0.4034596931246106,
        0.03048125127975372,
        -0.08018985099010735,
        0.3376777589627825,
        -0.8146078846527474,
        0.21102502983801016
      ],
      "distance": 0.018488667996243126,
      "reward": 0.9866111874580383,
      "reward_change": -0.0028487443923950195
    },
    {
      "sample_index": 6,
      "S_perturbed": [
        0.14008904276578002,
        0.1455605754582236,
        0.14125312060338846,
        0.14831763693635538,
        0.1461905875195084,
        0.14320708459056544,
        0.13538199682966232
      ],
      "direction": [
        -0.2587208282619104,
        0.2526754932016217,
        -0.1499203956386481,
        0.5103640015628375,
        0.31155951505232893,
        0.03270667642372545,
        -0.6986644623399553
      ],
      "distance": 0.010699202287542767,
      "reward": 0.9899072051048279,
      "reward_change": 0.00044727325439453125
    },
    {
      "sample_index": 7,
      "S_perturbed": [
        0.13655343342980109,
        0.14466777732031025,
        0.14428063541596095,
        0.14277838413956473,
        0.13798815336030648,
        0.149085185847346,
        0.14464647519019408
      ],
      "direction": [
        -0.5990107505882494,
        0.17205497765004807,
        0.13526680864506044,
        -0.00748465592944463,
        -0.46267645382187034,
        0.5918193318338576,
        0.17003074221059863
      ],
      "distance": 0.0105235437049556,
      "reward": 0.9904270172119141,
      "reward_change": 0.0009670853614807129
    },
    {
      "sample_index": 8,
      "S_perturbed": [
        0.1460950422960805,
        0.14471831999099305,
        0.14941829549647126,
        0.1349704223187407,
        0.13832099964105476,
        0.13650975196717888,
        0.14996721299296445
      ],
      "direction": [
        0.21321495737128768,
        0.1225579212025925,
        0.4320508725534844,
        -0.5193402368910888,
        -0.2987050308131717,
        -0.41797552223635,
        0.4681970388132462
      ],
      "distance": 0.015186050231397775,
      "reward": 0.9882365465164185,
      "reward_change": -0.0012233853340148926
    },
    {
      "sample_index": 9,
      "S_perturbed": [
        0.13460368009912257,
        0.15230864659741572,
        0.1418573996383965,
        0.14425400058434756,
        0.13940818255394488,
        0.14133453865549836,
        0.14623359657475796
      ],
      "direction": [
        -0.6051487349805031,
        0.6929887987136351,
        -0.07330217126462026,
        0.10241788115829088,
        -0.2528800668679857,
        -0.11163861583624476,
        0.24756290907742837
      ],
      "distance": 0.013638744769908746,
      "reward": 0.9877800345420837,
      "reward_change": -0.0016798973083496094
    }
  ],
  "gradient_computed": [
    -0.14038720585619283,
    -0.13147987030006703,
    0.16910127662344684,
    -0.11232048920955592,
    0.14205787310869372,
    0.173648113574964,
    -0.10061969794128879
  ],
  "gradient_magnitude": 0.3723776150472669,
  "gradient_dot_S": -6.938893903907228e-18,
  "linear_regression": {
    "matrix_rank": 7,
    "residuals": 1.0125461047323297e-07,
    "intercept": -0.00013489769758472103,
    "r2_with_intercept": 0.997883905914545,
    "r2_no_intercept": 0.9940808803872623
  }
}