{
  "base_S": [
    0.1428571492433548,
    0.1428571492433548,
    0.1428571492433548,
    0.1428571492433548,
    0.1428571492433548,
    0.1428571492433548,
    0.1428571492433548
  ],
  "base_reward": 0.9896419048309326,
  "dS": 0.02,
  "distance_mode": "uniform_half",
  "n_samples": 10,
  "n_repeats": 1,
  "samples": [
    {
      "sample_index": 0,
      "S_perturbed": [
        0.1341120917132027,
        0.14759696947141074,
        0.140666102706895,
        0.14639836285347232,
        0.14176589317452043,
        0.14438154329714148,
        0.14507908148684087
      ],
      "direction": [
        -0.7830140227985832,
        0.4243935150015686,
        -0.1961816896843721,
        0.317072804253925,
        -0.09770876880057634,
        0.13649103122195247,
        0.19894713080608617
      ],
      "distance": 0.011168455832880533,
      "reward": 0.9890550971031189,
      "reward_change": -0.0005868077278137207
    },
    {
      "sample_index": 1,
      "S_perturbed": [
        0.14606490155439908,
        0.14208315391624823,
        0.1404838986048132,
        0.14399154488892718,
        0.14944301832882684,
        0.14252816088395304,
        0.13540536652631605
      ],
      "direction": [
        0.29678660488900754,
        -0.0716113412313733,
        -0.21957711545818734,
        0.10495618102779919,
        0.6093356146579814,
        -0.03043855284545605,
        -0.6894513910397716
      ],
      "distance": 0.01080827860220951,
      "reward": 0.9905743598937988,
      "reward_change": 0.0009324550628662109
    },
    {
      "sample_index": 2,
      "S_perturbed": [
        0.1579172254173683,
        0.13885652556363998,
        0.14641046303928484,
        0.1426576580701473,
        0.13378077537201277,
        0.13994617696088904,
        0.14043122028014132
      ],
      "direction": [
        0.8024583884320844,
        -0.21316851214117355,
        0.18933413279779068,
        -0.010629651769938391,
        -0.48362387184813105,
        -0.1551077231992114,
        -0.12926276227142114
      ],
      "distance": 0.018767423197406225,
      "reward": 0.986957311630249,
      "reward_change": -0.0026845932006835938
    },
    {
      "sample_index": 3,
      "S_perturbed": [
        0.14310794283329895,
        0.15168058160193168,
        0.1389426139673036,
        0.1428671824746991,
        0.14005255657792154,
        0.1392470963475224,
        0.1441020709008063
      ],
      "direction": [
        0.023317019495702446,
        0.8203405213416998,
        -0.3639458862111398,
        0.0009328191000104182,
        -0.2607512491526255,
        -0.3356372615878384,
        0.11574403701419157
      ],
      "distance": 0.010755816796841637,
      "reward": 0.9863365292549133,
      "reward_change": -0.003305375576019287
    },
    {
      "sample_index": 4,
      "S_perturbed": [
        0.13924617489224486,
        0.14653053472218647,
        0.15237456551517944,
        0.149616874583744,
        0.1345429447805775,
        0.14448393291896833,
        0.13320501729058296
      ],
      "direction": [
        -0.1994605368676378,
        0.20290796014774687,
        0.5257165447844899,
        0.3733890951225863,
        -0.4592543520180707,
        0.0898591664617187,
        -0.5331578776308334
      ],
      "distance": 0.018103703157613518,
      "reward": 0.9905453324317932,
      "reward_change": 0.0009034276008605957
    },
    {
      "sample_index": 5,
      "S_perturbed": [
        0.14575628087346365,
        0.1377416471767909,
        0.14713006497389391,
        0.14563920951913514,
        0.14352989614676062,
        0.1356942271105226,
        0.14450871890291678
      ],
      "direction": [
        0.2702764268445665,
        -0.47690129199651854,
        0.3983497623440759,
        0.2593622527501062,
        0.06271796262539614,
        -0.6677754744633869,
        0.15397036189576066
      ],
      "distance": 0.010726542688001838,
      "reward": 0.9888670444488525,
      "reward_change": -0.0007748603820800781
    },
    {
      "sample_index": 6,
      "S_perturbed": [
        0.1467012202147822,
        0.14505109613369715,
        0.14270045673719212,
        0.1386849240123598,
        0.13352501035061526,
        0.15422208773514554,
        0.1391152495196915
      ],
      "direction": [
        0.23513237217972807,
        0.13419833832333689,
        -0.009584495434832016,
        -0.2552047615987915,
        -0.5708239966614724,
        0.6951653512940122,
        -0.22888280810198172
      ],
      "distance": 0.016348539913037266,
      "reward": 0.9900251030921936,
      "reward_change": 0.00038319826126098633
    },
    {
      "sample_index": 7,
      "S_perturbed": [
        0.1361487333458452,
        0.1429011195393943,
        0.14666721050506612,
        0.13736467911535533,
        0.13699722001914327,
        0.14949928363638718,
        0.1504217985422922
      ],
      "direction": [
        -0.446861241048324,
        0.002928950941274527,
        0.2537959378026221,
        -0.36586461771546475,
        -0.3903418162488411,
        0.44244609508812166,
        0.5038966911806115
      ],
      "distance": 0.015012301988357384,
      "reward": 0.9908802509307861,
      "reward_change": 0.0012383460998535156
    },
    {
      "sample_index": 8,
      "S_perturbed": [
        0.1385426602969714,
        0.14567444471977295,
        0.14559308032865942,
        0.13838663380988261,
        0.13692800769847935,
        0.14773155522070086,
        0.14714366262901699
      ],
      "direction": [
        -0.3765112034291879,
        0.24585607320444575,
        0.23875567146622356,
        -0.3901271197406384,
        -0.5174166039373792,
        0.4253733138130781,
        0.3740698686234581
      ],
      "distance": 0.011459125006342143,
      "reward": 0.9900026321411133,
      "reward_change": 0.00036072731018066406
    },
    {
      "sample_index": 9,
      "S_perturbed": [
        0.13807700383934118,
        0.15158855093229864,
        0.1452118625072509,
        0.13166137904421912,
        0.1424653337387805,
        0.13867621075522663,
        0.1523197038863666
      ],
      "direction": [
        -0.26033286580415627,
        0.47552336426030895,
        0.128240712431556,
        -0.6097360424179824,
        -0.02133877624029613,
        -0.2276992866056773,
        0.5153428943762475
      ],
      "distance": 0.0183616670497901,
      "reward": 0.9889728426933289,
      "reward_change": -0.0006690621376037598
    }
  ],
  "gradient_computed": [
    -0.1351205689023341,
    -0.12340707265584724,
    0.18594436282467877,
    -0.12926942130509134,
    0.16838034365499524,
    0.16501189980868877,
    -0.1315395434250901
  ],
  "gradient_magnitude": 0.39705954435718227,
  "gradient_dot_S": 0.0,
  "linear_regression": {
    "matrix_rank": 7,
    "residuals": 1.416672622684976e-08,
    "intercept": -0.00016148427810208643,
    "r2_with_intercept": 0.9993334850283966,
    "r2_no_intercept": 0.9870647185355688
  }
}