{
  "base_S": [
    0.1428571492433548,
    0.1428571492433548,
    0.1428571492433548,
    0.1428571492433548,
    0.1428571492433548,
    0.1428571492433548,
    0.1428571492433548
  ],
  "base_reward": 0.9894599318504333,
  "dS": 0.02,
  "distance_mode": "uniform_half",
  "n_samples": 20,
  "n_repeats": 1,
  "samples": [
    {
      "sample_index": 0,
      "S_perturbed": [
        0.1412542613094304,
        0.14921028319052215,
        0.15399832482813133,
        0.1324747799368045,
        0.13567258785420536,
        0.14324196915691495,
        0.14414783842747492
      ],
      "direction": [
        -0.08846654628381173,
        0.35064199217488257,
        0.6149034531151366,
        -0.5730234381044841,
        -0.3965301124364502,
        0.021238969970003158,
        0.07123568156472383
      ],
      "distance": 0.018118577035686964,
      "reward": 0.9906569123268127,
      "reward_change": 0.0011969804763793945
    },
    {
      "sample_index": 1,
      "S_perturbed": [
        0.14913671476517826,
        0.13970227217500553,
        0.1448063230204442,
        0.14282876455424387,
        0.13870810077633045,
        0.14884822202992534,
        0.13596964738235598
      ],
      "direction": [
        0.506463489663844,
        -0.2544491404610152,
        0.1572059961274658,
        -0.0022892998966551697,
        -0.334631680821031,
        0.48319579113739697,
        -0.5554951557500054
      ],
      "distance": 0.012398851348576776,
      "reward": 0.9906836152076721,
      "reward_change": 0.0012236833572387695
    },
    {
      "sample_index": 2,
      "S_perturbed": [
        0.1455404527587913,
        0.14232671458159876,
        0.14682330409683117,
        0.1525721793512318,
        0.13847340032214087,
        0.13849515349955752,
        0.13576884009333218
      ],
      "direction": [
        0.18691738864632165,
        -0.036949775250007484,
        0.27628007935514765,
        0.6767434425282929,
        -0.3053694433449691,
        -0.3038541294439917,
        -0.4937675624907938
      ],
      "distance": 0.014355558543104524,
      "reward": 0.987984836101532,
      "reward_change": -0.0014750957489013672
    },
    {
      "sample_index": 3,
      "S_perturbed": [
        0.1436674440563159,
        0.1385157454795594,
        0.1409821383878421,
        0.14598269681704495,
        0.14846425816009698,
        0.1369024649636442,
        0.1454852968389801
      ],
      "direction": [
        0.07848313220808514,
        -0.4204975277053801,
        -0.18160886940277587,
        0.30273273322849337,
        0.5430905682459767,
        -0.5767558499777418,
        0.2545558134033424
      ],
      "distance": 0.010324445395639066,
      "reward": 0.9887511134147644,
      "reward_change": -0.0007088184356689453
    },
    {
      "sample_index": 4,
      "S_perturbed": [
        0.1418412275091473,
        0.14216251116523154,
        0.14065143808016556,
        0.1574081921414002,
        0.1383140899702544,
        0.14303785655992748,
        0.1365847292773571
      ],
      "direction": [
        -0.060916922327992055,
        -0.041652041123137834,
        -0.13225933758647232,
        0.87251283259825,
        -0.2724119187063239,
        0.01083561183612843,
        -0.3761082246904521
      ],
      "distance": 0.01667716777839698,
      "reward": 0.9874298572540283,
      "reward_change": -0.0020300745964050293
    },
    {
      "sample_index": 5,
      "S_perturbed": [
        0.14881334275817004,
        0.1437179855733727,
        0.13875287332630787,
        0.13812370691536313,
        0.1366928207986948,
        0.15185152546494723,
        0.1420477898666278
      ],
      "direction": [
        0.4265092956091767,
        0.06164250638221896,
        -0.29389774291436777,
        -0.33895090011712137,
        -0.4414133584303305,
        0.6440665598210201,
        -0.057956360350596356
      ],
      "distance": 0.013964979371218853,
      "reward": 0.9892473220825195,
      "reward_change": -0.00021260976791381836
    },
    {
      "sample_index": 6,
      "S_perturbed": [
        0.13493907283200818,
        0.13818602264272115,
        0.1473750625750834,
        0.1446473001405247,
        0.1334760813423185,
        0.15259451351435532,
        0.14878199165647232
      ],
      "direction": [
        -0.4385040350216025,
        -0.2586875594607012,
        0.2502025899878833,
        0.0991387744858917,
        -0.5195246817170401,
        0.5392564180348374,
        0.32811849369073187
      ],
      "distance": 0.018057020640543327,
      "reward": 0.9909128546714783,
      "reward_change": 0.0014529228210449219
    },
    {
      "sample_index": 7,
      "S_perturbed": [
        0.1491859087504379,
        0.14527881095775144,
        0.15165177284928144,
        0.13513498205504948,
        0.1442332473318784,
        0.1346287494045062,
        0.1398865733545787
      ],
      "direction": [
        0.39150086886622365,
        0.14980544990298184,
        0.5440407048519041,
        -0.47769790594320843,
        0.08512625526363897,
        -0.5090137621255042,
        -0.18376161081603626
      ],
      "distance": 0.016165377934948214,
      "reward": 0.9900839924812317,
      "reward_change": 0.0006240606307983398
    },
    {
      "sample_index": 8,
      "S_perturbed": [
        0.13927153024285788,
        0.13563147615237664,
        0.15074461912155157,
        0.14340666299508176,
        0.1521486402668823,
        0.13755390514069632,
        0.1412432107840371
      ],
      "direction": [
        -0.22924426887161084,
        -0.4619688105783152,
        0.5042803669947908,
        0.03513281200040669,
        0.5940455653878765,
        -0.3390595366638626,
        -0.10318612826928515
      ],
      "distance": 0.015641040965368894,
      "reward": 0.9925144910812378,
      "reward_change": 0.0030545592308044434
    },
    {
      "sample_index": 9,
      "S_perturbed": [
        0.1327033329788462,
        0.13962377411800148,
        0.15444781817325415,
        0.1473720952805937,
        0.14650323976886187,
        0.13304215821006304,
        0.14630762617386314
      ],
      "direction": [
        -0.5142792374648307,
        -0.16376677010758767,
        0.5870541896460463,
        0.22867687820412308,
        0.1846703354028316,
        -0.49711812512984405,
        0.17476272944926172
      ],
      "distance": 0.019743780275016384,
      "reward": 0.9907596707344055,
      "reward_change": 0.001299738883972168
    },
    {
      "sample_index": 10,
      "S_perturbed": [
        0.14950541786414678,
        0.14597714128705883,
        0.12901958551172465,
        0.14040192443515723,
        0.14787909749025233,
        0.1401631485317636,
        0.14705372958338017
      ],
      "direction": [
        0.382863534033096,
        0.1796755287943481,
        -0.796883949022655,
        -0.14139260919337984,
        0.28920625251592985,
        -0.15514334512624064,
        0.24167458799890118
      ],
      "distance": 0.01736459085240872,
      "reward": 0.9859609603881836,
      "reward_change": -0.003498971462249756
    },
    {
      "sample_index": 11,
      "S_perturbed": [
        0.14656006559155826,
        0.1411358288409904,
        0.1463558629335474,
        0.1328836967042871,
        0.1434532222725041,
        0.13438940141343914,
        0.15522196694715718
      ],
      "direction": [
        0.1969937187149069,
        -0.09157358019338332,
        0.18613021622381073,
        -0.5305838207905472,
        0.03171085479550394,
        -0.450480912150357,
        0.6578035234000658
      ],
      "distance": 0.018797129027054924,
      "reward": 0.9883099794387817,
      "reward_change": -0.0011499524116516113
    },
    {
      "sample_index": 12,