{
  "checkpoint_type": "post_rl_training",
  "best_rewards_all": [
    0.9897319591579691,
    0.9897224964216427,
    0.9897172536021203,
    0.9897130725159087,
    0.9897090828900874,
    0.9897083113972458,
    0.9897078493207528,
    0.9897073909004759,
    0.9897057948796507,
    0.9897015551225428
  ],
  "best_min_idxs_all": [
    [
      0,
      0,
      0,
      0,
      0,
      0,
      0
    ],
    [
      0,
      0,
      0,
      0,
      0,
      0,
      0
    ],
    [
      0,
      0,
      0,
      0,
      0,
      0,
      0
    ],
    [
      0,
      0,
      0,
      0,
      0,
      0,
      0
    ],
    [
      0,
      0,
      0,
      0,
      0,
      0,
      0
    ],
    [
      0,
      0,
      0,
      0,
      0,
      0,
      0
    ],
    [
      0,
      0,
      0,
      0,
      0,
      0,
      0
    ],
    [
      0,
      0,
      0,
      0,
      0,
      0,
      0
    ],
    [
      0,
      0,
      0,
      0,
      0,
      0,
      0
    ],
    [
      0,
      0,
      0,
      0,
      0,
      0,
      0
    ]
  ],
  "best_ws_all": [
    [
      0.5953998103903434,
      0.6020674481823233,
      0.0,
      0.6022241610930263,
      0.6059775599321735,
      0.0,
      0.616590437719998,
      0.027182781448134043,
      0.5720756947854756,
      0.5873140882198705
    ],
    [
      0.6105692785223881,
      0.5950035865008725,
      0.0,
      0.6266154663716047,
      0.6022104524969749,
      0.0,
      0.6048613820393803,
      0.0,
      0.6079642067146337,
      0.5314073280020624
    ],
    [
      0.6198721649883712,
      0.613809587570703,
      0.0,
      0.6328876271600286,
      0.6102943172116465,
      0.0,
      0.62257781902801,
      0.04598901836079145,
      0.5508077078251764,
      0.5223821642157629
    ],
    [
      0.6146829117831841,
      0.5929434983444223,
      0.0,
      0.5980724019880466,
      0.6092479935193589,
      0.0046675068792633116,
      0.6251970525881715,
      0.08629967096582192,
      0.5181546017382527,
      0.6122779151733032
    ],
    [
      0.5977613686083314,
      0.6176200886266441,
      0.0,
      0.6066630400224174,
      0.6003265887228908,
      0.0,
      0.5774862649902921,
      0.0235035750343022,
      0.5873936828098941,
      0.5947441232753838
    ],
    [
      0.6380889792414384,
      0.6188860398039182,
      0.0,
      0.6260440874511061,
      0.6490489864108182,
      0.0,
      0.6068925101200382,
      0.07542822252616428,
      0.5536462312585417,
      0.4648598209492834
    ],
    [
      0.6015093039706768,
      0.6032210080375683,
      0.0,
      0.6234428465219118,
      0.6119199525556173,
      0.0,
      0.6298454297301627,
      0.04836264694969326,
      0.5432817829774436,
      0.5630139028449789
    ],
    [
      0.622690325428269,
      0.5946095562652131,
      0.0,
      0.6149976032590141,
      0.6031845626806189,
      0.008995819990340635,
      0.6262766482974507,
      0.04394805155616884,
      0.5637148574269033,
      0.5519359825615441
    ],
    [
      0.6171832135425898,
      0.5779997807138118,
      0.005279420393640153,
      0.6025453099710032,
      0.6153802085089934,
      0.008670467567553538,
      0.6005302335917784,
      0.033893892189854835,
      0.5812330710681505,
      0.5861119289410373
    ],
    [
      0.6134583348885487,
      0.5874472252664235,
      0.0,
      0.5733350517662634,
      0.5989076075301666,
      0.0,
      0.6021780091506195,
      0.02763198428546409,
      0.5847024301811189,
      0.6212184896003623
    ]
  ],
  "best_optimized_reward": 0.9897319591579691,
  "target": [
    0.1428571492433548,
    0.1428571492433548,
    0.1428571492433548,
    0.1428571492433548,
    0.1428571492433548,
    0.1428571492433548,
    0.1428571492433548
  ],
  "training_summary": {
    "actual_iterations": 64,
    "max_iterations": 2000,
    "early_stopped": true,
    "keep_best_n": 10
  },
  "status": "rl_training_complete"
}