{
  "base_S": [
    0.1428571492433548,
    0.1428571492433548,
    0.1428571492433548,
    0.1428571492433548,
    0.1428571492433548,
    0.1428571492433548,
    0.1428571492433548
  ],
  "base_reward": 0.9894184470176697,
  "dS": 0.02,
  "distance_mode": "uniform_half",
  "n_samples": 20,
  "n_repeats": 1,
  "samples": [
    {
      "sample_index": 0,
      "S_perturbed": [
        0.14071994705371732,
        0.13941195767010708,
        0.14361968514261295,
        0.13761356896743415,
        0.13313182825900127,
        0.151627592714761,
        0.15387546489584977
      ],
      "direction": [
        -0.1163484457290783,
        -0.18755487278172953,
        0.04151215412443512,
        -0.2854584456805684,
        -0.5294426452641168,
        0.47745948942058203,
        0.5998327659104759
      ],
      "distance": 0.01836897928670247,
      "reward": 0.9895126223564148,
      "reward_change": 9.417533874511719e-05
    },
    {
      "sample_index": 1,
      "S_perturbed": [
        0.13486770459540712,
        0.14183351124576213,
        0.13910240582099354,
        0.13357527437450703,
        0.14732775703734385,
        0.15069842915769407,
        0.1525949624717758
      ],
      "direction": [
        -0.4323818200008277,
        -0.05539840125618905,
        -0.20320345983168422,
        -0.5023270234237472,
        0.24194541919398965,
        0.42436327303035803,
        0.5270020122881008
      ],
      "distance": 0.01847775340769965,
      "reward": 0.9918836951255798,
      "reward_change": 0.0024652481079101562
    },
    {
      "sample_index": 2,
      "S_perturbed": [
        0.13979364908998465,
        0.15003748700488453,
        0.1454487274956391,
        0.15016628926006215,
        0.14256413545819138,
        0.143617620045949,
        0.1283721363487728
      ],
      "direction": [
        -0.16824246482965333,
        0.39433251602100994,
        0.14232527864690378,
        0.4014061271853053,
        -0.016091842329672656,
        0.0417638243362518,
        -0.7954934390301445
      ],
      "distance": 0.018208840178797633,
      "reward": 0.9901921153068542,
      "reward_change": 0.0007736682891845703
    },
    {
      "sample_index": 3,
      "S_perturbed": [
        0.1339246042726911,
        0.1370736475602083,
        0.1429091382562406,
        0.13987374661479346,
        0.15762550472503056,
        0.14801433812332537,
        0.14057906515119423
      ],
      "direction": [
        -0.46311019629273154,
        -0.2998472001582667,
        0.0026953843548149755,
        -0.15467531162405562,
        0.7656693616994487,
        0.26737584443914786,
        -0.11810788241835729
      ],
      "distance": 0.01928816303802011,
      "reward": 0.9943975806236267,
      "reward_change": 0.004979133605957031
    },
    {
      "sample_index": 4,
      "S_perturbed": [
        0.14306541487972557,
        0.1447362198408399,
        0.13346477609401194,
        0.14510717565948372,
        0.14439756535522164,
        0.1437147417153679,
        0.14551415115883287
      ],
      "direction": [
        0.020131769099396624,
        0.18163829640472653,
        -0.9079034392467282,
        0.21749633336728932,
        0.14890263233768822,
        0.08289823481590378,
        0.2568361732217237
      ],
      "distance": 0.010345123438606576,
      "reward": 0.9873170852661133,
      "reward_change": -0.0021013617515563965
    },
    {
      "sample_index": 5,
      "S_perturbed": [
        0.14348337416104479,
        0.13380646675229668,
        0.13992399525845772,
        0.13992485214360031,
        0.1482272368366955,
        0.14510640809814646,
        0.14952771145324215
      ],
      "direction": [
        0.04695044512942103,
        -0.6785638189673654,
        -0.21990962245968906,
        -0.21984537854710526,
        0.4026157308166176,
        0.16863542388781266,
        0.5001172201403082
      ],
      "distance": 0.013337997455908284,
      "reward": 0.9908541440963745,
      "reward_change": 0.001435697078704834
    },
    {
      "sample_index": 6,
      "S_perturbed": [
        0.14978505990944074,
        0.15236855243784572,
        0.13759054280940997,
        0.14138654433504416,
        0.13438676654823672,
        0.14461474984297,
        0.13986782882053628
      ],
      "direction": [
        0.43630038026059814,
        0.5990014927419366,
        -0.3316760998466005,
        -0.09261457193002888,
        -0.5334409418591314,
        0.1106887555164751,
        -0.1882590148832493
      ],
      "distance": 0.01587876375892215,
      "reward": 0.985692024230957,
      "reward_change": -0.0037264227867126465
    },
    {
      "sample_index": 7,
      "S_perturbed": [
        0.15064896808736886,
        0.14184624158712722,
        0.15135091407383988,
        0.13810439270726438,
        0.14342648392355056,
        0.1382492176721425,
        0.13637382665219022
      ],
      "direction": [
        0.5252553744582296,
        -0.06814643540159211,
        0.5725743521391011,
        -0.32038872618179576,
        0.03837949862861909,
        -0.31062591050540284,
        -0.43704815313715945
      ],
      "distance": 0.014834343869495586,
      "reward": 0.990679919719696,
      "reward_change": 0.0012614727020263672
    },
    {
      "sample_index": 8,
      "S_perturbed": [
        0.1442173236159789,
        0.14030902248748986,
        0.13480162592415168,
        0.15910695926191182,
        0.14393790334463777,
        0.1366664836859003,
        0.14096072638341328
      ],
      "direction": [
        0.06974064860265602,
        -0.1306509049519602,
        -0.41303338191206257,
        0.8331816222781502,
        0.05541384510725959,
        -0.31741594309417326,
        -0.09723588602986992
      ],
      "distance": 0.019503322665861873,
      "reward": 0.9853132367134094,
      "reward_change": -0.004105210304260254
    },
    {
      "sample_index": 9,
      "S_perturbed": [
        0.13953716370726665,
        0.15298320659412637,
        0.14841576835525128,
        0.13886910593813886,
        0.13784644361659673,
        0.14041201096869096,
        0.14193634552341272
      ],
      "direction": [
        -0.23941494656918927,
        0.7302229040576025,
        0.40085008901612107,
        -0.2875907634100406,
        -0.3613382669485128,
        -0.17632686739734516,
        -0.0664021487486354
      ],
      "distance": 0.01386707715480367,
      "reward": 0.9888081550598145,
      "reward_change": -0.0006102919578552246
    },
    {
      "sample_index": 10,
      "S_perturbed": [
        0.1467010029099181,
        0.1339595689701855,
        0.14160296622370108,
        0.1469267404144798,
        0.1458849019114653,
        0.1390832274218589,
        0.14584163685187487
      ],
      "direction": [
        0.31988422716587517,
        -0.7404536791000735,
        -0.10437269489636612,
        0.33867002742076385,
        0.2519685727666852,
        -0.3140645222150172,
        0.24836806885813237
      ],
      "distance": 0.012016390119072923,
      "reward": 0.9888623952865601,
      "reward_change": -0.0005560517311096191
    },
    {
      "sample_index": 11,
      "S_perturbed": [
        0.1417881417925454,
        0.13661741878928468,
        0.14653693726855804,
        0.14390732490265973,
        0.1495495039924063,
        0.1369929950282787,
        0.14460772292975074
      ],
      "direction": [
        -0.0913444237092735,
        -0.53317175852861,
        0.3144300970774103,
        0.0897352869898932,
        0.5718475463826477,
        -0.5010795639570679,
        0.1495828157450002
      ],
      "distance": 0.011703040069657562,
      "reward": 0.9907477498054504,
      "reward_change": 0.0013293027877807617
    },
    {
      "sample_index": 12,