{
  "base_S": [
    0.1428571492433548,
    0.1428571492433548,
    0.1428571492433548,
    0.1428571492433548,
    0.1428571492433548,
    0.1428571492433548,
    0.1428571492433548
  ],
  "base_reward": 0.9886766672134399,
  "dS": 0.02,
  "distance_mode": "uniform_half",
  "n_samples": 10,
  "n_repeats": 1,
  "samples": [
    {
      "sample_index": 0,
      "S_perturbed": [
        0.13981802044542274,
        0.1379663851806879,
        0.13916891034648077,
        0.14485049656536392,
        0.15896606060599963,
        0.141388330406151,
        0.1378418411533776
      ],
      "direction": [
        -0.165419370254535,
        -0.26620362778318635,
        -0.20075034532406913,
        0.10849762567801668,
        0.8768058711128042,
        -0.07994761105010577,
        -0.2729825423789245
      ],
      "distance": 0.01837226676208281,
      "reward": 0.9919047355651855,
      "reward_change": 0.0032280683517456055
    },
    {
      "sample_index": 1,
      "S_perturbed": [
        0.14272141474460256,
        0.1425566739728874,
        0.13144604350445455,
        0.1500387129682785,
        0.14679549605431585,
        0.14276557251198566,
        0.14367613094695905
      ],
      "direction": [
        -0.00964412212575034,
        -0.021349179691191243,
        -0.8107746987498083,
        0.51025994315155,
        0.27982493741548337,
        -0.006506652246257809,
        0.058189772245974665
      ],
      "distance": 0.01407432392315136,
      "reward": 0.9870347380638123,
      "reward_change": -0.0016419291496276855
    },
    {
      "sample_index": 2,
      "S_perturbed": [
        0.1433472838069118,
        0.1474348915310456,
        0.13604520991481858,
        0.14065638641194458,
        0.14812897703354475,
        0.14931645468588364,
        0.13507084131933464
      ],
      "direction": [
        0.03443607125268734,
        0.3216248583885572,
        -0.4785959724694493,
        -0.15462207995028165,
        0.3703901967194403,
        0.45382047910996154,
        -0.5470535530509153
      ],
      "distance": 0.014233173115494737,
      "reward": 0.9904622435569763,
      "reward_change": 0.001785576343536377
    },
    {
      "sample_index": 3,
      "S_perturbed": [
        0.15173728183122373,
        0.14952716921474563,
        0.13711798013972337,
        0.13729401697172283,
        0.13856559181089212,
        0.13785600463923953,
        0.14790200009593638
      ],
      "direction": [
        0.5548870739094797,
        0.41678520317353085,
        -0.35861972995044844,
        -0.3476198308338612,
        -0.2681637602423649,
        -0.312503272683868,
        0.3152343166275318
      ],
      "distance": 0.016003495135151743,
      "reward": 0.9844462275505066,
      "reward_change": -0.00423043966293335
    },
    {
      "sample_index": 4,
      "S_perturbed": [
        0.1471997441403301,
        0.14188898135201974,
        0.14166421359932332,
        0.14277913257149225,
        0.13331642683466655,
        0.14331133406459534,
        0.14984021214105625
      ],
      "direction": [
        0.34201136422840406,
        -0.0762503593296891,
        -0.09395247697087084,
        -0.006144388092670531,
        -0.7514022293428142,
        0.03577040318278621,
        0.5499676863248545
      ],
      "distance": 0.012697223984859193,
      "reward": 0.9857968688011169,
      "reward_change": -0.002879798412322998
    },
    {
      "sample_index": 5,
      "S_perturbed": [
        0.14569645509928145,
        0.14449744980438342,
        0.1432278313949808,
        0.13685402200799754,
        0.1496396681832524,
        0.14076875089098198,
        0.13931586732260598
      ],
      "direction": [
        0.2709243626033092,
        0.1565162073141629,
        0.03537020340660777,
        -0.5728137447647152,
        0.6471826967147636,
        -0.1992733510190111,
        -0.3379063742551175
      ],
      "distance": 0.010480068417043742,
      "reward": 0.9903888702392578,
      "reward_change": 0.001712203025817871
    },
    {
      "sample_index": 6,
      "S_perturbed": [
        0.1325486982671823,
        0.13390973815834856,
        0.14199936809079172,
        0.1435199804694534,
        0.14999860832857723,
        0.14477102526241098,
        0.15325262612671942
      ],
      "direction": [
        -0.550833046325282,
        -0.4781057518797585,
        -0.04583561647029978,
        0.03541844883536377,
        0.3816045371135888,
        0.10226814487476502,
        0.5554832838516229
      ],
      "distance": 0.018714292914962637,
      "reward": 0.9916117787361145,
      "reward_change": 0.0029351115226745605
    },
    {
      "sample_index": 7,
      "S_perturbed": [
        0.1363887533581867,
        0.13485395106321538,
        0.14647334593799569,
        0.14509051834516098,
        0.15338023636804723,
        0.14264348084099357,
        0.14116975878988403
      ],
      "direction": [
        -0.41965035002731926,
        -0.5192237731358688,
        0.23460812164471317,
        0.14489436669487396,
        0.6827066978647675,
        -0.013862172543623843,
        -0.10947289049754262
      ],
      "distance": 0.015413774550043882,
      "reward": 0.9928194284439087,
      "reward_change": 0.00414276123046875
    },
    {
      "sample_index": 8,
      "S_perturbed": [
        0.14806276146533728,
        0.13466952865614432,
        0.14640694175964938,
        0.14138453633928824,
        0.15038132842713545,
        0.1478735919500603,
        0.13122135610586858
      ],
      "direction": [
        0.28827912629706914,
        -0.45341835094163724,
        0.19658227341865925,
        -0.08155113044444533,
        0.41667794463123187,
        0.277803197576178,
        -0.644373060537056
      ],
      "distance": 0.01805754127552804,
      "reward": 0.9933996200561523,
      "reward_change": 0.004722952842712402
    },
    {
      "sample_index": 9,
      "S_perturbed": [
        0.14387149798607163,
        0.14770453300624742,
        0.13216887190297097,
        0.1476192725928296,
        0.1371329232112984,
        0.1442527410173539,
        0.14725020498671168
      ],
      "direction": [
        0.06910468506000984,
        0.3302384221451295,
        -0.72816183264838,
        0.3244298734979002,
        -0.3899751835823965,
        0.09507768477756437,
        0.29928635075017274
      ],
      "distance": 0.014678436662231719,
      "reward": 0.9845736026763916,
      "reward_change": -0.00410306453704834
    }
  ],
  "gradient_computed": [
    -0.12695358759796768,
    -0.132882463463682,
    0.1346370486145934,
    -0.1419318089843371,
    0.17729171968686475,
    0.1945965558074147,
    -0.10475746406288595
  ],
  "gradient_magnitude": 0.3902832758906117,
  "gradient_dot_S": 4.85722573273506e-17,
  "linear_regression": {
    "matrix_rank": 7,
    "residuals": 1.0893745325183098e-07,
    "intercept": 7.223084853602568e-05,
    "r2_with_intercept": 0.9989831131426811,
    "r2_no_intercept": 0.9984960998110645
  }
}