{
  "reward": 0.9999999937851225,
  "w_optimal": [
    0.0,
    0.0,
    0.0,
    1.2954130412793009e-07,
    0.0,
    0.0,
    1.204889050792805,
    0.0,
    0.0,
    0.0,
    0.0,
    0.0,
    0.0,
    0.0,
    0.0,
    1.2048890389942943,
    0.0,
    0.0,
    0.0,
    1.2993481144712268e-07,
    0.0,
    0.0,
    1.2993481144712268e-07,
    0.0,
    0.0,
    1.2048890742246987,
    1.204889050792805,
    0.0,
    0.0,
    0.0,
    0.0,
    0.0,
    0.0,
    0.0,
    1.2993481144712268e-07,
    0.0,
    1.2048890484924901,
    1.2993481144712268e-07,
    1.2048870178035735,
    0.0,
    0.0,
    0.0,
    0.0,
    0.0,
    0.0,
    1.2993481144712268e-07,
    0.0,
    0.0,
    1.2993481144712268e-07,
    0.0,
    0.0,
    1.204889050792805,
    0.0,
    0.0,
    1.2048892160759956,
    0.0,
    0.0,
    0.0,
    1.2048891807276163,
    0.0,
    0.0,
    0.0,
    1.2993481144712268e-07,
    1.2993481144712268e-07,
    1.2048893106624277,
    1.203219855375845,
    1.2993481144712268e-07,
    1.2993481144712268e-07,
    1.2048837400933343,
    1.2993481144712268e-07,
    1.2993481144712268e-07,
    1.2993481144712268e-07,
    1.2993481144712268e-07,
    1.2993481144712268e-07,
    1.2993481144712268e-07,
    3.8042269584457896e-08,
    0.0,
    3.8042269584457896e-08,
    3.8042269584457896e-08,
    0.0,
    1.2048893106624277,
    3.8042269584457896e-08,
    3.8042269584457896e-08,
    0.0,
    1.204889050792805,
    1.2047961445644306,
    0.0,
    1.2993481144712268e-07,
    0.7035803046313795,
    0.14082757128377907,
    0.0,
    1.204889050792805,
    0.6353323726761773,
    0.7678972682442683,
    0.0,
    1.2993481144712268e-07,
    1.2993481144712268e-07,
    1.2048886391450007,
    1.2993481144712268e-07,
    1.2993481144712268e-07,
    1.2993481144712268e-07,
    1.2993481144712268e-07,
    1.2993481144712268e-07,
    1.2993481144712268e-07,
    0.0,
    1.2048493197799992,
    1.2993481144712268e-07,
    1.2993481144712268e-07,
    0.3403887945959094,
    0.0,
    0.0,
    0.3890548134660954,
    0.8110025817115168,
    0.0,
    1.204716226927713,
    1.2993481144712268e-07,
    0.0,
    0.0,
    0.0,
    0.22092981770748105,
    0.2785203302675259,
    0.0,
    0.5422049093680684,
    1.2993481144712268e-07,
    0.0,
    0.0,
    0.0,
    1.204888403500369,
    3.534837941102656e-08,
    1.2993481144712268e-07,
    0.0,
    1.2048890506501218,
    0.0,
    0.0,
    0.0,
    1.2993481144712268e-07,
    0.0,
    0.0,
    0.3486293981373693,
    0.0,
    0.6615035030876698,
    1.2993481144712268e-07,
    0.0,
    0.0,
    1.2993481144712268e-07,
    1.2993481144712268e-07,
    0.0,
    1.2048744844678296,
    0.0,
    0.0,
    1.204889050792805,
    1.2993481144712268e-07,
    1.2048892408121132
  ],
  "source": "/resnick/groups/OoguriGroup/jaeha/entropyconeRL/results/sa_cone/sa_cone_N18_experiment_multirun10_3/sa_ray146_N18/results_run_5.json"
}