{
  "base_S": [
    0.1428571492433548,
    0.1428571492433548,
    0.1428571492433548,
    0.1428571492433548,
    0.1428571492433548,
    0.1428571492433548,
    0.1428571492433548
  ],
  "base_reward": 0.9892914891242981,
  "dS": 0.02,
  "distance_mode": "uniform_half",
  "n_samples": 10,
  "n_repeats": 1,
  "samples": [
    {
      "sample_index": 0,
      "S_perturbed": [
        0.14139643105422514,
        0.14919181374694981,
        0.13472458011746566,
        0.14035782037775546,
        0.1508305958865987,
        0.1410820247312923,
        0.14241677878919654
      ],
      "direction": [
        -0.1084044153157292,
        0.4701150480933469,
        -0.6035431116470488,
        -0.18548292639421013,
        0.5917341399897421,
        -0.13173748110674777,
        -0.03268125361935305
      ],
      "distance": 0.013474711199495963,
      "reward": 0.988904595375061,
      "reward_change": -0.00038689374923706055
    },
    {
      "sample_index": 1,
      "S_perturbed": [
        0.15036048202154675,
        0.13897843138521757,
        0.14637895962445968,
        0.13826846256098654,
        0.14345231269106956,
        0.1381207244992503,
        0.14444067192095317
      ],
      "direction": [
        0.6578350494709211,
        -0.3400564295252122,
        0.3087655012469783,
        -0.40230108672184617,
        0.05217939649546846,
        -0.41525363434621065,
        0.1388312033799008
      ],
      "distance": 0.01140610063909896,
      "reward": 0.9891455173492432,
      "reward_change": -0.00014597177505493164
    },
    {
      "sample_index": 2,
      "S_perturbed": [
        0.14898701960133304,
        0.14067815499314065,
        0.1449098912875514,
        0.13668046077992466,
        0.13733938938270002,
        0.14602575639401805,
        0.14537937226481576
      ],
      "direction": [
        0.5344771232304796,
        -0.18999138813342456,
        0.17898317557213825,
        -0.5385592986853758,
        -0.4811058382598587,
        0.2762779529798388,
        0.21991827329620223
      ],
      "distance": 0.01146891062601175,
      "reward": 0.9892690181732178,
      "reward_change": -2.2470951080322266e-05
    },
    {
      "sample_index": 3,
      "S_perturbed": [
        0.1345780951365185,
        0.14747628437043933,
        0.1398716810168657,
        0.14929763446123703,
        0.14140956755265024,
        0.14343667702868937,
        0.14393010513708338
      ],
      "direction": [
        -0.6902697631649017,
        0.38512241483800796,
        -0.24891472130050543,
        0.5369782765815824,
        -0.12069275763995592,
        0.04831838299015937,
        0.08945816769561361
      ],
      "distance": 0.011993939976273404,
      "reward": 0.9881755113601685,
      "reward_change": -0.0011159777641296387
    },
    {
      "sample_index": 4,
      "S_perturbed": [
        0.13411471087379334,
        0.1420196330517421,
        0.13662392120208114,
        0.15463955716315766,
        0.1506177856376145,
        0.14275535852625768,
        0.13922907824883718
      ],
      "direction": [
        -0.4825654591024457,
        -0.04622925188909133,
        -0.34406196810036443,
        0.6503658186425594,
        0.4283719148152178,
        -0.0056186480306639275,
        -0.20026240633521164
      ],
      "distance": 0.018116585438630622,
      "reward": 0.9896669387817383,
      "reward_change": 0.00037544965744018555
    },
    {
      "sample_index": 5,
      "S_perturbed": [
        0.14766284443441682,
        0.13814609365987993,
        0.14960189449207634,
        0.14130216502056892,
        0.1399840259795248,
        0.1444591649688978,
        0.13884385614811898
      ],
      "direction": [
        0.4384675736719122,
        -0.4298327357427028,
        0.6153848645545348,
        -0.14187544822466167,
        -0.2621413419425511,
        0.14616656284599938,
        -0.3661694751625309
      ],
      "distance": 0.01096020659137259,
      "reward": 0.9909273982048035,
      "reward_change": 0.001635909080505371
    },
    {
      "sample_index": 6,
      "S_perturbed": [
        0.14068691336637684,
        0.1460105996223773,
        0.14361987081473182,
        0.15112045681357905,
        0.13656112150117375,
        0.13766322831411654,
        0.14433785427112825
      ],
      "direction": [
        -0.1758400796687436,
        0.25550354768390066,
        0.061798361781191406,
        0.6695219984561764,
        -0.5101261257017661,
        -0.4208295880087368,
        0.11997188545797803
      ],
      "distance": 0.012342100168894064,
      "reward": 0.9859461784362793,
      "reward_change": -0.003345310688018799
    },
    {
      "sample_index": 7,
      "S_perturbed": [
        0.14043564228319502,
        0.1452984842506677,
        0.13911850089123073,
        0.13710993135856459,
        0.1552378770850759,
        0.14261648591014925,
        0.14018312292460045
      ],
      "direction": [
        -0.16350990026108855,
        0.1648487698434262,
        -0.2524485905779743,
        -0.3880752930228168,
        0.8359965954530753,
        -0.016250557300212014,
        -0.18056102413440947
      ],
      "distance": 0.014809543375007693,
      "reward": 0.991625964641571,
      "reward_change": 0.0023344755172729492
    },
    {
      "sample_index": 8,
      "S_perturbed": [
        0.1399441151269083,
        0.14336184937513174,
        0.13819370037495737,
        0.14683100400131863,
        0.15084835170190755,
        0.14160963183114209,
        0.13921139229211793
      ],
      "direction": [
        -0.2605633177860882,
        0.04514411282738369,
        -0.4171333602359907,
        0.355450962379452,
        0.7147922552451461,
        -0.11158718467691209,
        -0.32610346775299054
      ],
      "distance": 0.01117975523645268,
      "reward": 0.9899095892906189,
      "reward_change": 0.0006181001663208008
    },
    {
      "sample_index": 9,
      "S_perturbed": [
        0.13892678989558063,
        0.14047882469981146,
        0.1498478576698895,
        0.13502348052736435,
        0.1535586042320935,
        0.14247984106424424,
        0.13968464661449992
      ],
      "direction": [
        -0.2456144592347934,
        -0.14862531513258376,
        0.4368605814182897,
        -0.48953852186369146,
        0.6687510854632314,
        -0.02357859324735429,
        -0.19825477740309805
      ],
      "distance": 0.016002149710644585,
      "reward": 0.9937595725059509,
      "reward_change": 0.004468083381652832
    }
  ],
  "gradient_computed": [
    -0.09065559253419232,
    -0.12270215310650054,
    0.12743912991221315,
    -0.1181971073222203,
    0.1564799026438457,
    0.18621338553102512,
    -0.13857756512417074
  ],
  "gradient_magnitude": 0.3631124747029719,
  "gradient_dot_S": 2.7755575615628914e-17,
  "linear_regression": {
    "matrix_rank": 7,
    "residuals": 4.992008661472177e-08,
    "intercept": -1.3687623986846642e-05,
    "r2_with_intercept": 0.9987288371010371,
    "r2_no_intercept": 0.9986811301116283
  }
}