{
  "completed_runs": 5,
  "total_runs": 20,
  "all_rewards": [
    0.999673449593415,
    0.9994843761842412,
    0.998538433874256,
    0.9984597009079612,
    0.9999999937851225
  ],
  "max_reward": 0.9999999937851225,
  "mean_reward": 0.9992311908689991,
  "std_reward": 0.0006206226745396577,
  "timestamp": "2025-10-04T11:55:43.656428"
}