{
  "base_S": [
    0.1428571492433548,
    0.1428571492433548,
    0.1428571492433548,
    0.1428571492433548,
    0.1428571492433548,
    0.1428571492433548,
    0.1428571492433548
  ],
  "base_reward": 0.9893732070922852,
  "dS": 0.02,
  "distance_mode": "uniform_half",
  "n_samples": 10,
  "n_repeats": 1,
  "samples": [
    {
      "sample_index": 0,
      "S_perturbed": [
        0.14782402091051067,
        0.14348334217930658,
        0.14125285542986715,
        0.15394554865600255,
        0.1334387008242574,
        0.1368952417853457,
        0.14316033491819352
      ],
      "direction": [
        0.2995508185956546,
        0.0377655432097326,
        -0.09675456852972143,
        0.668738663601548,
        -0.5680243265590776,
        -0.35956118440660195,
        0.018285054088465542
      ],
      "distance": 0.016581065244426346,
      "reward": 0.9837770462036133,
      "reward_change": -0.005596160888671875
    },
    {
      "sample_index": 1,
      "S_perturbed": [
        0.13686885186861353,
        0.14882944063679693,
        0.13912381159292692,
        0.1466170609482439,
        0.14360879753917313,
        0.14320748586601414,
        0.141744596251715
      ],
      "direction": [
        -0.5943058612289723,
        0.592717354863053,
        -0.37051340452042114,
        0.37315073452168984,
        0.07459699474375384,
        0.03476899947017256,
        -0.11041481784927565
      ],
      "distance": 0.010076120337023077,
      "reward": 0.988466739654541,
      "reward_change": -0.0009064674377441406
    },
    {
      "sample_index": 2,
      "S_perturbed": [
        0.1440471080973788,
        0.13518029471603166,
        0.1409616225407699,
        0.13658822743666832,
        0.14811397541707663,
        0.14168869485359661,
        0.15342012164196164
      ],
      "direction": [
        0.07620767514599153,
        -0.4916432479853357,
        -0.12139384710038569,
        -0.4014760299854392,
        0.33665912060002506,
        -0.07483048027793661,
        0.6764768096030808
      ],
      "distance": 0.015614685157950357,
      "reward": 0.9899045825004578,
      "reward_change": 0.0005313754081726074
    },
    {
      "sample_index": 3,
      "S_perturbed": [
        0.14781814946669128,
        0.1416460800282911,
        0.14464088174437226,
        0.14075022449638766,
        0.14301133523078063,
        0.13539620064828095,
        0.14673717308867967
      ],
      "direction": [
        0.48543294770928547,
        -0.11850289709379627,
        0.17453789294760755,
        -0.2061621940089402,
        0.015087070147571482,
        -0.7300524301888339,
        0.3796596104871058
      ],
      "distance": 0.010219743523275475,
      "reward": 0.9877834320068359,
      "reward_change": -0.0015897750854492188
    },
    {
      "sample_index": 4,
      "S_perturbed": [
        0.13200726158414627,
        0.15326626474754973,
        0.14108187449195572,
        0.14776495164241402,
        0.15125774145184423,
        0.13985722184195104,
        0.13476472894362257
      ],
      "direction": [
        -0.5436067532951447,
        0.5215229559641665,
        -0.08894574525809357,
        0.2458932858813876,
        0.4208908699932613,
        -0.150303933646185,
        -0.4054506796393921
      ],
      "distance": 0.019959074447549616,
      "reward": 0.9903002977371216,
      "reward_change": 0.0009270906448364258
    },
    {
      "sample_index": 5,
      "S_perturbed": [
        0.14076753512979773,
        0.1502244090051692,
        0.13820199757719911,
        0.15612025754879594,
        0.1442873678774058,
        0.1369162812378407,
        0.13348219632727512
      ],
      "direction": [
        -0.10699063559083706,
        0.37721213661672454,
        -0.23834909627688047,
        0.6790863338368757,
        0.07322883191600137,
        -0.304179245224009,
        -0.48000832527787496
      ],
      "distance": 0.01953081315965209,
      "reward": 0.9864368438720703,
      "reward_change": -0.0029363632202148438
    },
    {
      "sample_index": 6,
      "S_perturbed": [
        0.14857553447679214,
        0.14004671550110576,
        0.14252656405877884,
        0.14475777333681047,
        0.13639005696412196,
        0.1331297703951513,
        0.15457362997072313
      ],
      "direction": [
        0.32065033517212344,
        -0.15759108290952006,
        -0.01853709498572979,
        0.10657479825584287,
        -0.36263302003502296,
        -0.5454489616726602,
        0.6569850261749667
      ],
      "distance": 0.01783371045088024,
      "reward": 0.9840028882026672,
      "reward_change": -0.00537031888961792
    },
    {
      "sample_index": 7,
      "S_perturbed": [
        0.1341745851713316,
        0.13903970512609953,
        0.1399300185885298,
        0.1475105706813936,
        0.14470712877536016,
        0.1442981359136291,
        0.1503399004471398
      ],
      "direction": [
        -0.6441740331210195,
        -0.28322260023972545,
        -0.21716874689891108,
        0.3452451638349678,
        0.13725309326114138,
        0.1069092248976557,
        0.5551578982658916
      ],
      "distance": 0.013478599921136569,
      "reward": 0.9893389940261841,
      "reward_change": -3.421306610107422e-05
    },
    {
      "sample_index": 8,
      "S_perturbed": [
        0.13628597492154929,
        0.148737442862041,
        0.14392176983786337,
        0.12823386742117404,
        0.14438175011365764,
        0.14761533861843593,
        0.1508239009287623
      ],
      "direction": [
        -0.3365781970233246,
        0.301191008976514,
        0.05453029590533535,
        -0.7490103882864602,
        0.0780906710089731,
        0.24371637739787078,
        0.40806023202109176
      ],
      "distance": 0.019523469969001367,
      "reward": 0.9913572669029236,
      "reward_change": 0.0019840598106384277
    },
    {
      "sample_index": 9,
      "S_perturbed": [
        0.14062527934843552,
        0.1444701212462478,
        0.14302644883751595,
        0.13663594498746884,
        0.1345724864028336,
        0.14554009175127047,
        0.1551296721297114
      ],
      "direction": [
        -0.13513743282418952,
        0.09766380028892147,
        0.010250916769475607,
        -0.3766875363699269,
        -0.5016278371022543,
        0.16244941685892023,
        0.7430886723790537
      ],
      "distance": 0.01651555641006506,
      "reward": 0.9876479506492615,
      "reward_change": -0.0017252564430236816
    }
  ],
  "gradient_computed": [
    -0.13101247442376743,
    -0.1439998948945384,
    0.1951251259148742,
    -0.1352834277203257,
    0.17911293807760345,
    0.1800097209797155,
    -0.14395198793356145
  ],
  "gradient_magnitude": 0.42365407802515387,
  "gradient_dot_S": 3.469446951953614e-17,
  "linear_regression": {
    "matrix_rank": 7,
    "residuals": 1.3889807864965608e-07,
    "intercept": -5.0201836417962387e-05,
    "r2_with_intercept": 0.9976268306814661,
    "r2_no_intercept": 0.9971962329919946
  }
}