{
  "base_S": [
    0.1428571492433548,
    0.1428571492433548,
    0.1428571492433548,
    0.1428571492433548,
    0.1428571492433548,
    0.1428571492433548,
    0.1428571492433548
  ],
  "base_reward": 0.9894078373908997,
  "dS": 0.02,
  "distance_mode": "uniform_half",
  "n_samples": 30,
  "n_repeats": 1,
  "samples": [
    {
      "sample_index": 0,
      "S_perturbed": [
        0.1465975354181719,
        0.14562865493865382,
        0.1369030341207828,
        0.13100864192267062,
        0.14304767966884238,
        0.14481913092690166,
        0.15199536770746042
      ],
      "direction": [
        0.2215990475139176,
        0.1641977575450995,
        -0.35275134124745466,
        -0.7019643999335682,
        0.0112879683639981,
        0.11623753591031251,
        0.541393431847695
      ],
      "distance": 0.016879071533834895,
      "reward": 0.9882636666297913,
      "reward_change": -0.0011441707611083984
    },
    {
      "sample_index": 1,
      "S_perturbed": [
        0.1380615538258975,
        0.15121980385889153,
        0.13870903463721856,
        0.13694906880267838,
        0.14337258567450925,
        0.15402057506949396,
        0.13766742283479444
      ],
      "direction": [
        -0.27833193042889554,
        0.48536075294829184,
        -0.2407527419355072,
        -0.3428995340592261,
        0.02991545458033302,
        0.6479149281605892,
        -0.30120692926558507
      ],
      "distance": 0.017229770979087913,
      "reward": 0.9913560748100281,
      "reward_change": 0.001948237419128418
    },
    {
      "sample_index": 2,
      "S_perturbed": [
        0.13787462335916187,
        0.14401718872803748,
        0.14482182097200635,
        0.14047253117426842,
        0.15177490550077305,
        0.14429343667556682,
        0.1367455382936696
      ],
      "direction": [
        -0.4006474775907284,
        0.09327937360410736,
        0.15798026757377562,
        -0.1917483695223163,
        0.717081382685538,
        0.11549261362326574,
        -0.4914377903736418
      ],
      "distance": 0.012436184333806565,
      "reward": 0.9927007555961609,
      "reward_change": 0.0032929182052612305
    },
    {
      "sample_index": 3,
      "S_perturbed": [
        0.14778231437539432,
        0.15405366124222034,
        0.14087164316663695,
        0.13957809780673447,
        0.1358554879366685,
        0.1335401614357796,
        0.14831867874004945
      ],
      "direction": [
        0.2711331780276981,
        0.6163744361238411,
        -0.10930325342226534,
        -0.18051367072823268,
        -0.38544548876258716,
        -0.512905546553136,
        0.3006603453146819
      ],
      "distance": 0.018165114162223203,
      "reward": 0.9833679795265198,
      "reward_change": -0.006039857864379883
    },
    {
      "sample_index": 4,
      "S_perturbed": [
        0.14824427148135777,
        0.13010440836361187,
        0.14554490898333422,
        0.14327465396083594,
        0.14428579882372838,
        0.13443940293868445,
        0.15410660015193098
      ],
      "direction": [
        0.2698620760768452,
        -0.6388347948000634,
        0.13464042421571124,
        0.02091444835547336,
        0.07156665928725031,
        -0.4216779188045009,
        0.563529105669284
      ],
      "distance": 0.019962502017026436,
      "reward": 0.9881350994110107,
      "reward_change": -0.001272737979888916
    },
    {
      "sample_index": 5,
      "S_perturbed": [
        0.13680816181623176,
        0.14623285047523626,
        0.14696822307728769,
        0.13886464524674294,
        0.14300987923967345,
        0.15039874294604297,
        0.13771754190226848
      ],
      "direction": [
        -0.4721434253446888,
        0.2634846181716801,
        0.320882875883438,
        -0.3116281088980918,
        0.011921080095395217,
        0.5886462695193017,
        -0.40116330942703426
      ],
      "distance": 0.012811758254828953,
      "reward": 0.9923457503318787,
      "reward_change": 0.002937912940979004
    },
    {
      "sample_index": 6,
      "S_perturbed": [
        0.1500954314827509,
        0.14166903671592296,
        0.13127381499668958,
        0.1376711352836917,
        0.14319534238927387,
        0.14847012545543423,
        0.14762515837972034
      ],
      "direction": [
        0.44114017301050085,
        -0.07241002057843902,
        -0.7059512056328275,
        -0.31606381455381305,
        0.020611324340144264,
        0.3420852096404477,
        0.29058833377398646
      ],
      "distance": 0.016408123046240442,
      "reward": 0.9877610802650452,
      "reward_change": -0.0016467571258544922
    },
    {
      "sample_index": 7,
      "S_perturbed": [
        0.14687532851955054,
        0.14507465538806133,
        0.14811577832998662,
        0.1371286827622138,
        0.14325769028956223,
        0.14103944556519324,
        0.1385084638489158
      ],
      "direction": [
        0.39419089739235375,
        0.2175414975467472,
        0.5158813423266352,
        -0.5619732689032421,
        0.039293825286078124,
        -0.1783201283060363,
        -0.42661416534253616
      ],
      "distance": 0.010193485701412083,
      "reward": 0.9903865456581116,
      "reward_change": 0.000978708267211914
    },
    {
      "sample_index": 8,
      "S_perturbed": [
        0.150329189811396,
        0.13961075511762744,
        0.13824944715303444,
        0.1358616946241958,
        0.14453975936461338,
        0.14524116462917633,
        0.14616803400344017
      ],
      "direction": [
        0.5982143580818313,
        -0.2599075259720825,
        -0.36889434995611764,
        -0.5600587090479107,
        0.13471039462712145,
        0.19086516202632273,
        0.26507067024083497
      ],
      "distance": 0.012490573766902281,
      "reward": 0.9892474412918091,
      "reward_change": -0.00016039609909057617
    },
    {
      "sample_index": 9,
      "S_perturbed": [
        0.14158056051911128,
        0.14120016168362348,
        0.13770151853595555,
        0.1490762766230001,
        0.1442672635235549,
        0.1491584252010167,
        0.1370158386172216
      ],
      "direction": [
        -0.10585124648908506,
        -0.1373928778185006,
        -0.42749080142392487,
        0.5156730376104034,
        0.11692282049544804,
        0.5224845730839859,
        -0.4843455054583266
      ],
      "distance": 0.012060214372394478,
      "reward": 0.990199863910675,
      "reward_change": 0.0007920265197753906
    },
    {
      "sample_index": 10,
      "S_perturbed": [
        0.14406832710365572,
        0.14137563770233874,
        0.14402116440145274,
        0.1346436127357706,
        0.14882860357488262,
        0.146523347345784,
        0.14053935183959915
      ],
      "direction": [
        0.107495648459238,
        -0.1314885691204753,
        0.10330981793626424,
        -0.7289758688348471,
        0.5299843868123792,
        0.32538601911262194,
        -0.20571143436518124
      ],
      "distance": 0.011267226884632331,
      "reward": 0.9922963976860046,
      "reward_change": 0.0028885602951049805
    },
    {
      "sample_index": 11,
      "S_perturbed": [
        0.14785424951882586,
        0.1349867894870945,
        0.14914619411994678,
        0.1370135407047957,
        0.145810329169157,
        0.1432675588118276,
        0.14192138289183612
      ],
      "direction": [
        0.38283382638946456,
        -0.6029576703394753,
        0.48181124686632526,
        -0.4476858364679972,
        0.22624664479138057,
        0.03144196770605795,
        -0.07169017894575597
      ],
      "distance": 0.013052922524112106,
      "reward": 0.9920118451118469,
      "reward_change": 0.0026040077209472656
    },
    {
      "sample_index": 12,