{
  "checkpoint_type": "post_rl_training",
  "best_rewards_all": [
    0.9896977016752457,
    0.9896904407410012,
    0.9896867709256626,
    0.9896726276310908,
    0.9896656253105055,
    0.9896648991367472,
    0.9896641597560202,
    0.9896495366262323,
    0.9896405776996748,
    0.9896382666467497
  ],
  "best_min_idxs_all": [
    [
      0,
      0,
      1,
      0,
      0,
      0,
      1
    ],
    [
      0,
      1,
      1,
      0,
      0,
      1,
      1
    ],
    [
      0,
      1,
      1,
      0,
      0,
      1,
      1
    ],
    [
      0,
      1,
      1,
      0,
      0,
      1,
      1
    ],
    [
      0,
      1,
      1,
      0,
      0,
      1,
      1
    ],
    [
      0,
      0,
      1,
      0,
      0,
      0,
      1
    ],
    [
      0,
      0,
      1,
      0,
      0,
      0,
      1
    ],
    [
      0,
      1,
      1,
      0,
      0,
      1,
      1
    ],
    [
      0,
      1,
      1,
      0,
      0,
      1,
      1
    ],
    [
      0,
      1,
      1,
      0,
      0,
      1,
      1
    ]
  ],
  "best_ws_all": [
    [
      0.18207066509211167,
      0.5567549020417637,
      0.37769561618995434,
      0.5507145676525921,
      0.5458240298246769,
      0.8941379159639382,
      0.026363851277557235,
      0.0,
      0.5856124681515343,
      0.5195096136207586
    ],
    [
      0.30780114961732974,
      0.5663937550639963,
      0.2647833921203422,
      0.5562901306946395,
      0.5761774438768088,
      0.8764967471536846,
      0.10607978133758567,
      0.0,
      0.5875553811538582,
      0.4981830705000455
    ],
    [
      0.1680058566026157,
      0.5475667597849709,
      0.38438187793576806,
      0.5170088861200863,
      0.5223296247253225,
      0.9927345912317911,
      0.04199985758757929,
      0.01481941515795551,
      0.5222577345516811,
      0.47308573157235134
    ],
    [
      0.1797836771359679,
      0.5590737019718368,
      0.4102586220821329,
      0.5696401104040891,
      0.5588563830030576,
      0.9061989633636474,
      0.07229170688837329,
      0.002614765670283122,
      0.5308981294429632,
      0.4916397696180319
    ],
    [
      0.3338835543232625,
      0.596850796366629,
      0.25344433361290575,
      0.5656935115597898,
      0.5790747220990138,
      0.8742695139910045,
      0.08143384042942042,
      0.0,
      0.5772411956894129,
      0.4566553783013021
    ],
    [
      0.21698230415443093,
      0.5413574501185191,
      0.3703602970504386,
      0.574168400617014,
      0.5585095175664802,
      0.8724182419135222,
      0.035898427814034406,
      0.0,
      0.5901945758377558,
      0.519951809769876
    ],
    [
      0.17854799970641522,
      0.5395984739419363,
      0.35901242722770715,
      0.5650646405098131,
      0.5665173335270807,
      0.8878828912828497,
      0.0,
      0.0,
      0.5571769824412042,
      0.5559154794393166
    ],
    [
      0.21669469888290951,
      0.5135844640886622,
      0.35138378582031615,
      0.5444718211035855,
      0.5516071985998467,
      0.9638254689436809,
      0.009984935553121839,
      0.0,
      0.5184818133434057,
      0.5169150326426881
    ],
    [
      0.33193879999949544,
      0.5540882791620616,
      0.27401625584112327,
      0.5686607805515118,
      0.6070654586310766,
      0.8569308500482719,
      0.06224261123622674,
      0.001252623675467929,
      0.5560334209196072,
      0.5181071225344495
    ],
    [
      0.15178889215722424,
      0.5708144122311942,
      0.426215719894936,
      0.5206891972891933,
      0.5806775458716142,
      0.8942365371464123,
      0.11996446686007546,
      0.0,
      0.584126959988314,
      0.4537761382072852
    ]
  ],
  "best_optimized_reward": 0.9896977016752457,
  "target": [
    0.1428571492433548,
    0.1428571492433548,
    0.1428571492433548,
    0.1428571492433548,
    0.1428571492433548,
    0.1428571492433548,
    0.1428571492433548
  ],
  "training_summary": {
    "actual_iterations": 108,
    "max_iterations": 2000,
    "early_stopped": true,
    "keep_best_n": 10
  },
  "status": "rl_training_complete"
}