{
  "base_S": [
    0.1428571492433548,
    0.1428571492433548,
    0.1428571492433548,
    0.1428571492433548,
    0.1428571492433548,
    0.1428571492433548,
    0.1428571492433548
  ],
  "base_reward": 0.9894599318504333,
  "dS": 0.02,
  "distance_mode": "uniform_half",
  "n_samples": 30,
  "n_repeats": 1,
  "samples": [
    {
      "sample_index": 0,
      "S_perturbed": [
        0.1443711635124757,
        0.14026487850694852,
        0.14668789328868992,
        0.1511184188473929,
        0.13233166847413042,
        0.14120471999919412,
        0.14402130207465197
      ],
      "direction": [
        0.1052804079261702,
        -0.18025941112324778,
        0.2663794549227113,
        0.5744660744883356,
        -0.7319131210344768,
        -0.11490540640372085,
        0.08095200122422815
      ],
      "distance": 0.014380778902211514,
      "reward": 0.9869582653045654,
      "reward_change": -0.00250166654586792
    },
    {
      "sample_index": 1,
      "S_perturbed": [
        0.1446223442394261,
        0.1423442288411882,
        0.14061980038986022,
        0.1540157747953947,
        0.141027911973232,
        0.14662767447069266,
        0.1307423099936897
      ],
      "direction": [
        0.10238702853380688,
        -0.029751045051161877,
        -0.1297734819171082,
        0.64723643299328,
        -0.10610168790870585,
        0.21870267868314677,
        -0.7026999253332581
      ],
      "distance": 0.017240416304185026,
      "reward": 0.989325761795044,
      "reward_change": -0.0001341700553894043
    },
    {
      "sample_index": 2,
      "S_perturbed": [
        0.14228009571091074,
        0.15241130147204895,
        0.13714425396841212,
        0.14775206968564297,
        0.12837676096168024,
        0.14739397660988654,
        0.144641586294902
      ],
      "direction": [
        -0.02953774048640239,
        0.48905006768345943,
        -0.29242697352971675,
        0.2505571521475917,
        -0.7412101774940644,
        0.23222737900354512,
        0.09134029267558726
      ],
      "distance": 0.019536143352255175,
      "reward": 0.9845348596572876,
      "reward_change": -0.004925072193145752
    },
    {
      "sample_index": 3,
      "S_perturbed": [
        0.1448530988035189,
        0.14002861624192772,
        0.14552654908278898,
        0.13980002831835406,
        0.14748920931941426,
        0.14862643231670625,
        0.13367611062077342
      ],
      "direction": [
        0.15422596144943806,
        -0.21855924134710433,
        0.20626310651650967,
        -0.236222108682279,
        0.357916819633001,
        0.4457894360759482,
        -0.7094139736455135
      ],
      "distance": 0.012941722271697239,
      "reward": 0.9929386377334595,
      "reward_change": 0.003478705883026123
    },
    {
      "sample_index": 4,
      "S_perturbed": [
        0.14664819554363817,
        0.15138185214173516,
        0.13674591438036707,
        0.1349105056893583,
        0.14384768011756982,
        0.1363990867152088,
        0.15006681011560624
      ],
      "direction": [
        0.22567116705690496,
        0.5074534836852506,
        -0.3637859826682139,
        -0.4730431081471015,
        0.058963737365404854,
        -0.38443173525584057,
        0.4291724379635958
      ],
      "distance": 0.01679898389202475,
      "reward": 0.9859041571617126,
      "reward_change": -0.003555774688720703
    },
    {
      "sample_index": 5,
      "S_perturbed": [
        0.14487785881917326,
        0.136980733186726,
        0.13865796471765124,
        0.14730717393290857,
        0.14371635362694243,
        0.14087870007089884,
        0.14758126034918329
      ],
      "direction": [
        0.19908601842738427,
        -0.5789611180830502,
        -0.4137155273912108,
        0.4384290092691719,
        0.08465124419204749,
        -0.19492240404991204,
        0.46543277763556934
      ],
      "distance": 0.01014993213376008,
      "reward": 0.9879161715507507,
      "reward_change": -0.0015437602996826172
    },
    {
      "sample_index": 6,
      "S_perturbed": [
        0.13932076644984964,
        0.1395874387305838,
        0.14791652960401785,
        0.14778516590441498,
        0.1457311017673963,
        0.13219227173171816,
        0.14746677051550286
      ],
      "direction": [
        -0.24043815758475184,
        -0.22230714756615225,
        0.3439865431628163,
        0.3350551441174308,
        0.19539961882397916,
        -0.7251034883651183,
        0.31340748741179614
      ],
      "distance": 0.014708076409455154,
      "reward": 0.9884722828865051,
      "reward_change": -0.0009876489639282227
    },
    {
      "sample_index": 7,
      "S_perturbed": [
        0.1466886354792305,
        0.13928768319349666,
        0.13514695704180157,
        0.14095063612042744,
        0.1444201701235635,
        0.14506589689506283,
        0.14844006584990108
      ],
      "direction": [
        0.3373516742425958,
        -0.3142815278302931,
        -0.6788609139637712,
        -0.1678631618098519,
        0.13761962809035921,
        0.1944740689151418,
        0.49156023235581914
      ],
      "distance": 0.01135754326543048,
      "reward": 0.9884723424911499,
      "reward_change": -0.0009875893592834473
    },
    {
      "sample_index": 8,
      "S_perturbed": [
        0.1469676547905164,
        0.14873605545419857,
        0.1500641185949644,
        0.13761367857999435,
        0.14262446652894387,
        0.14146688626863155,
        0.13252718448623446
      ],
      "direction": [
        0.2655604002877217,
        0.3798084368682305,
        0.4656083403649368,
        -0.33875593945383387,
        -0.015032534093445231,
        -0.08981834176763175,
        -0.6673703622059782
      ],
      "distance": 0.015478608793736144,
      "reward": 0.9910134077072144,
      "reward_change": 0.0015534758567810059
    },
    {
      "sample_index": 9,
      "S_perturbed": [
        0.14650354695875717,
        0.14233286559463226,
        0.1403137844654109,
        0.1361839394664685,
        0.14086014501072425,
        0.1492110833346027,
        0.14459467987288782
      ],
      "direction": [
        0.3446275320056097,
        -0.049550979907359745,
        -0.24037792770393962,
        -0.6306969221294211,
        -0.18874042104325925,
        0.6005216093525984,
        0.16421710942577164
      ],
      "distance": 0.010580691839046164,
      "reward": 0.9901126027107239,
      "reward_change": 0.0006526708602905273
    },
    {
      "sample_index": 10,
      "S_perturbed": [
        0.135382538676848,
        0.14738863617952577,
        0.1447258560449266,
        0.1323698976738791,
        0.15090885354053513,
        0.1498184643806626,
        0.1394057982071064
      ],
      "direction": [
        -0.4210928841525838,
        0.25528780215017394,
        0.10527627221616942,
        -0.5908143268376417,
        0.4536042854240569,
        0.3921756515047347,
        -0.19443680030490926
      ],
      "distance": 0.017750503149795226,
      "reward": 0.9938738942146301,
      "reward_change": 0.004413962364196777
    },
    {
      "sample_index": 11,
      "S_perturbed": [
        0.14055163169377613,
        0.14576960751729498,
        0.15299643803894686,
        0.13207998037821964,
        0.14097071522836005,
        0.14597657424802338,
        0.14165509759886258
      ],
      "direction": [
        -0.14655283228811997,
        0.18513370633197004,
        0.644515367342473,
        -0.685062935878123,
        -0.11991331311819933,
        0.19828978080349324,
        -0.07640977319349385
      ],
      "distance": 0.015731647854106787,
      "reward": 0.9924726486206055,
      "reward_change": 0.003012716770172119
    },
    {
      "sample_index": 12,