{
  "analysis_date": "1767437064.691663",
  "total_points": 324,
  "regions": {
    "MMI_violated": {
      "count": 218,
      "gap_mean": -0.007883618508544118,
      "gap_std": 0.009307641259943001,
      "gap_max": -2.1866098970146908e-05,
      "gap_min": -0.03275287209011424
    },
    "SA_violated": {
      "count": 96,
      "gap_mean": -0.013397288977897812,
      "gap_std": 0.008340632978051585
    },
    "inside_HEC": {
      "count": 10,
      "gap_mean": -0.0001445838926082854,
      "gap_std": 0.00023625575792471075
    }
  },
  "interpretation": {
    "MMI_region": "RL consistently outperforms symmetric analytical formula, suggesting non-symmetric solutions are optimal.",
    "SA_region": "RL matches analytical formula well, symmetric solutions appear optimal.",
    "HEC_region": "RL slightly below 1.0, likely due to training limitations not physical gap."
  },
  "regression": {
    "degree_1": {
      "r2": 0.9111371887061275,
      "rmse": 0.0027745953904732565,
      "coefficients": {
        "s": 0.09065195797159578,
        "t": 0.050175912270885976,
        "u": 0.022659390458140215
      },
      "intercept": -0.06086895489204716
    },
    "degree_2": {
      "r2": 0.9462994465976539,
      "rmse": 0.0021568950649469695,
      "coefficients": {
        "s": -0.07948325069744407,
        "t": -0.03259552808274341,
        "u": -0.04789471511246786,
        "s*s": 0.014134513154944732,
        "s*t": 0.02309410376357092,
        "s*u": 0.12003454348486749,
        "t*t": -0.006631996042535905,
        "t*u": 0.047547299501536126,
        "u*u": -0.022507552344747314
      },
      "intercept": 0.03654923153161889
    },
    "degree_3": {
      "r2": 0.9527487015748964,
      "rmse": 0.00202323584032586,
      "coefficients": {
        "s": -0.027172259700687425,
        "t": -0.011269149901523237,
        "u": -0.03400679036862724,
        "s*s": -0.00015202922860586967,
        "s*t": 0.008025491125832805,
        "s*u": -0.018111104275669285,
        "t*t": -0.02206521670572176,
        "t*u": 0.00672869196961631,
        "u*u": 0.0666517378120149,
        "s*s*s": -0.0197013172387479,
        "s*s*t": -0.01628402749082025,
        "s*s*u": 0.03694128773730022,
        "s*t*t": -0.003958851159017613,
        "s*t*u": 0.055629644568779196,
        "s*u*u": 0.04380824528777353,
        "t*t*t": 0.012964244190240469,
        "t*t*u": -0.020107526191266385,
        "t*u*u": -0.0013098000821797102,
        "u*u*u": -0.08450807487479886
      },
      "intercept": 0.021716590859400746
    },
    "physics_features": {
      "ridge_r2": 0.9452486555234223,
      "ridge_rmse": 0.002177895463239088,
      "best_simple_correction": {
        "feature": "u/(s+t)",
        "r2": 0.5596571088164433,
        "intercept": -0.0020335182949045003,
        "coefficient": -0.0028577082445354423
      }
    },
    "best_2feature": {
      "features": [
        "(t-s)",
        "mmi_margin"
      ],
      "r2": 0.6584640382218525,
      "coefficients": [
        -0.10355734968122182,
        -0.033609351235746994
      ],
      "intercept": 0.014828537560183265
    }
  }
}