{
  "grid_size": 20,
  "total_points": 324,
  "completed_points": 324,
  "overall": {
    "mean": 0.8769602358895893,
    "std": 0.09928570450115143,
    "min": 0.6156266213653041,
    "max": 0.9999887386774485
  },
  "by_region": {
    "inside_HEC": {
      "count": 10,
      "mean": 0.9998554161073916,
      "std": 0.00023625575792471078,
      "min": 0.999174429546485,
      "max": 0.9999887386774485
    },
    "SA_violated": {
      "count": 96,
      "mean": 0.9205257747183963,
      "std": 0.0766792486169046,
      "min": 0.652106622428314,
      "max": 0.9996239933732806
    },
    "MMI_violated": {
      "count": 218,
      "mean": 0.852138017863243,
      "std": 0.09958333846673624,
      "min": 0.6156266213653041,
      "max": 0.9996866774361236
    }
  }
}