{
  "checkpoint_type": "post_rl_training",
  "best_rewards_all": [
    0.9950308229191003,
    0.9950283933190021,
    0.9950274492779327,
    0.9950258390176222,
    0.9950253160228583,
    0.9950245908729237,
    0.9950236868900922,
    0.9950213378116607,
    0.9950207385074534,
    0.9950206548896248
  ],
  "best_min_idxs_all": [
    [
      0,
      0,
      0,
      1,
      1,
      1,
      1
    ],
    [
      0,
      0,
      0,
      1,
      1,
      1,
      1
    ],
    [
      0,
      0,
      0,
      0,
      0,
      0,
      0
    ],
    [
      0,
      0,
      0,
      1,
      1,
      1,
      1
    ],
    [
      0,
      0,
      0,
      1,
      1,
      1,
      1
    ],
    [
      0,
      0,
      0,
      0,
      0,
      0,
      0
    ],
    [
      0,
      0,
      0,
      1,
      1,
      1,
      1
    ],
    [
      0,
      0,
      0,
      0,
      0,
      0,
      0
    ],
    [
      0,
      0,
      0,
      1,
      1,
      1,
      1
    ],
    [
      0,
      0,
      0,
      0,
      0,
      0,
      0
    ]
  ],
  "best_ws_all": [
    [
      0.6077813250197588,
      0.5790261483928946,
      0.0,
      0.6866411908455312,
      0.5684739822929092,
      0.0,
      0.682315330459803,
      0.5226058429270682,
      0.0,
      0.5118795851397145
    ],
    [
      0.6161877388863226,
      0.586119754978072,
      0.0,
      0.6838497125095169,
      0.5665699274469889,
      0.0,
      0.664837422541883,
      0.5296932052471003,
      0.0,
      0.5153064148512897
    ],
    [
      0.6084349809622707,
      0.5967692958459407,
      0.0,
      0.6769859705973535,
      0.5580674306763831,
      0.0,
      0.6663936794470526,
      0.5154719395443835,
      0.0,
      0.5423395278282523
    ],
    [
      0.6168887948401512,
      0.5750244335362711,
      0.0,
      0.6883290650558623,
      0.5670382177938631,
      0.0,
      0.6781865100640652,
      0.5297589835902858,
      0.0,
      0.502876078442741
    ],
    [
      0.6087917975175331,
      0.5892612029839862,
      0.0,
      0.6920937580549065,
      0.5774333007580993,
      0.0,
      0.6786331207100134,
      0.5087444403111625,
      0.0,
      0.5003568497564012
    ],
    [
      0.6193379728373665,
      0.582302203431245,
      0.0,
      0.6787995395898685,
      0.5655935398889467,
      0.0,
      0.6654083711934016,
      0.49935844758598524,
      0.0,
      0.5518628383389761
    ],
    [
      0.622148257914533,
      0.5921288676826025,
      0.0,
      0.6720011902454879,
      0.5606567908995476,
      0.0,
      0.677598256787606,
      0.5210269812779588,
      0.0,
      0.5155432082148641
    ],
    [
      0.5991917725656416,
      0.5781169590520776,
      0.0,
      0.6685469175451016,
      0.540754800727723,
      0.0,
      0.6812871351129605,
      0.5059849084925211,
      0.0,
      0.5892422063839933
    ],
    [
      0.6120906690867174,
      0.5812930153759795,
      0.0,
      0.6969962702996094,
      0.5681106142308417,
      0.0,
      0.6606528195936048,
      0.5313963751164883,
      0.0,
      0.5099467783551944
    ],
    [
      0.5977768548516516,
      0.5858612943031968,
      0.0,
      0.6800161252457411,
      0.569505871114828,
      0.0,
      0.6654979993871121,
      0.5158852674566958,
      0.0067716068437414624,
      0.5509985996227205
    ]
  ],
  "best_optimized_reward": 0.9950308229191003,
  "target": [
    0.20650282502174377,
    0.20301713049411774,
    0.22716499865055084,
    0.18450003862380981,
    0.21281982958316803,
    0.21453480422496796,
    0.2054021656513214
  ],
  "training_summary": {
    "actual_iterations": 40,
    "max_iterations": 2000,
    "early_stopped": true,
    "keep_best_n": 10
  },
  "status": "rl_training_complete"
}