{
  "base_S": [
    0.24708594381809235,
    0.24482056498527527,
    0.12208352982997894,
    0.2340671867132187,
    0.1133708581328392,
    0.10737763345241547,
    0.2417764812707901
  ],
  "base_reward": 0.889205813407898,
  "dS": 0.02,
  "distance_mode": "uniform_half",
  "n_samples": 30,
  "n_repeats": 1,
  "samples": [
    {
      "sample_index": 0,
      "S_perturbed": [
        0.235660434114767,
        0.2505831028609601,
        0.12564922487406985,
        0.24288673289952523,
        0.11509141060327288,
        0.10762152039267166,
        0.23636390998727436
      ],
      "direction": [
        -0.674940086060004,
        0.34041087975329004,
        0.21063660024042552,
        0.5209977862312277,
        0.10163833934929592,
        0.014407153529222297,
        -0.31973727411380004
      ],
      "distance": 0.016928183611114762,
      "reward": 0.8913500905036926,
      "reward_change": 0.0021442770957946777
    },
    {
      "sample_index": 1,
      "S_perturbed": [
        0.2476422271507224,
        0.23404598074632676,
        0.1319942515145507,
        0.24011418497679385,
        0.1049090980861526,
        0.11507622756025124,
        0.24180837189637688
      ],
      "direction": [
        0.028459679208506547,
        -0.5512320665724955,
        0.507036510574859,
        0.3093668651586065,
        -0.43290704995507384,
        0.39386317333941956,
        0.0016315372414035967
      ],
      "distance": 0.019546366933882786,
      "reward": 0.8943578004837036,
      "reward_change": 0.005151987075805664
    },
    {
      "sample_index": 2,
      "S_perturbed": [
        0.25244353804790626,
        0.241548150037138,
        0.11669025700059046,
        0.22735425674784257,
        0.12064415849662125,
        0.10946074093478489,
        0.2445013748792402
      ],
      "direction": [
        0.40131103384556494,
        -0.2451205092578006,
        -0.40398354226394134,
        -0.5028325679362844,
        0.5448071584473219,
        0.15603533629125504,
        0.20410837854069142
      ],
      "distance": 0.013350229069145585,
      "reward": 0.8932003974914551,
      "reward_change": 0.003994584083557129
    },
    {
      "sample_index": 3,
      "S_perturbed": [
        0.2436177741882793,
        0.24930175262820092,
        0.12085816738163346,
        0.24032462481785402,
        0.10466195868168943,
        0.10294812653704041,
        0.24139493093922593
      ],
      "direction": [
        -0.2672751129782387,
        0.3453435273880197,
        -0.09443277629949276,
        0.48223058699147336,
        -0.6711528942278565,
        -0.34136074287363405,
        -0.029404244561474165
      ],
      "distance": 0.01297602904799977,
      "reward": 0.8817561864852905,
      "reward_change": -0.007449626922607422
    },
    {
      "sample_index": 4,
      "S_perturbed": [
        0.2368860332188453,
        0.24069966921878969,
        0.12510200272811478,
        0.23569838272215374,
        0.11224721649073097,
        0.10787162202852346,
        0.2535773150314472
      ],
      "direction": [
        -0.6166965071441403,
        -0.2491533627446036,
        0.18249980478525282,
        0.09862369590297802,
        -0.06793646564127814,
        0.029867029371551227,
        0.7134898772664859
      ],
      "distance": 0.016539595215938237,
      "reward": 0.8910359144210815,
      "reward_change": 0.0018301010131835938
    },
    {
      "sample_index": 5,
      "S_perturbed": [
        0.23534742261274647,
        0.25168312814643146,
        0.12026699813285488,
        0.2417467323292757,
        0.10754227790417856,
        0.11532768735996828,
        0.23950868059507813
      ],
      "direction": [
        -0.6279156421261214,
        0.36709144862353027,
        -0.0971697070771277,
        0.41079338124356096,
        -0.31178175112009104,
        0.425263380026514,
        -0.121308935988907
      ],
      "distance": 0.01869442392866544,
      "reward": 0.8905200958251953,
      "reward_change": 0.0013142824172973633
    },
    {
      "sample_index": 6,
      "S_perturbed": [
        0.25312743101957924,
        0.24607129794548294,
        0.12414883019700818,
        0.22437599727616298,
        0.1068479747575422,
        0.1051372872848485,
        0.24672876841998856
      ],
      "direction": [
        0.41855898548484466,
        0.08665176329565556,
        0.1430856339698085,
        -0.671413227179753,
        -0.45191049106722175,
        -0.1552129447201184,
        0.3430983491098007
      ],
      "distance": 0.014434016258159245,
      "reward": 0.8869141340255737,
      "reward_change": -0.0022916793823242188
    },
    {
      "sample_index": 7,
      "S_perturbed": [
        0.24583516223905444,
        0.24035390525676353,
        0.1146575435645291,
        0.23717365104731336,
        0.1138101231357426,
        0.10779762259495222,
        0.24792742109121366
      ],
      "direction": [
        -0.112091287592037,
        -0.40028862640389085,
        -0.6654945804169206,
        0.2783920013718515,
        0.03936560994720957,
        0.0376381652485086,
        0.5512287484300303
      ],
      "distance": 0.011158597656494192,
      "reward": 0.8873177170753479,
      "reward_change": -0.0018880963325500488
    },
    {
      "sample_index": 8,
      "S_perturbed": [
        0.2499876644945386,
        0.2473136677648097,
        0.12593579575510996,
        0.22620440716510296,
        0.10617250281786975,
        0.11152577735560085,
        0.24348652822550923
      ],
      "direction": [
        0.22710866036062352,
        0.1951274073336517,
        0.3015048831925648,
        -0.6153953219475352,
        -0.5633929018917958,
        0.3246623331055012,
        0.13384006124106276
      ],
      "distance": 0.0127767944729129,
      "reward": 0.8889065384864807,
      "reward_change": -0.00029927492141723633
    },
    {
      "sample_index": 9,
      "S_perturbed": [
        0.24950229394138268,
        0.24098234345679273,
        0.12335241577566788,
        0.22962064247307312,
        0.09904548831265837,
        0.11092727616111032,
        0.25199847075149223
      ],
      "direction": [
        0.1266063385033113,
        -0.2011062757014911,
        0.06648415807525168,
        -0.2329797655611415,
        -0.7505876748396243,
        0.1859859885416255,
        0.5355882195618217
      ],
      "distance": 0.019085538306023588,
      "reward": 0.8848122954368591,
      "reward_change": -0.004393517971038818
    },
    {
      "sample_index": 10,
      "S_perturbed": [
        0.24647394782315368,
        0.24072152893353504,
        0.12520498794991844,
        0.23776394161789538,
        0.1213769013519436,
        0.10620820133630166,
        0.23816279284163921
      ],
      "direction": [
        -0.05607586330465857,
        -0.3755857672586325,
        0.2860124253958309,
        0.33872561980777266,
        0.7335763450717918,
        -0.1071525239210866,
        -0.3311144191376578
      ],
      "distance": 0.010913715079404406,
      "reward": 0.8938687443733215,
      "reward_change": 0.004662930965423584
    },
    {
      "sample_index": 11,
      "S_perturbed": [
        0.2409744086447349,
        0.2521051029292736,
        0.11644644612493842,
        0.2295253251861208,
        0.11145950719075266,
        0.10792892421233,
        0.24854083130970528
      ],
      "direction": [
        -0.4404497675346072,
        0.5249864318899894,
        -0.40625671570736355,
        -0.32732558956797664,
        -0.13774838141962092,
        0.039730751793241675,
        0.48749721921769906
      ],
      "distance": 0.013875668972574121,
      "reward": 0.8855276107788086,
      "reward_change": -0.0036782026290893555
    },
    {
      "sample_index": 12,