{
  "base_S": [
    0.23022381961345673,
    0.22805394232273102,
    0.17530971765518188,
    0.2130127251148224,
    0.16584718227386475,
    0.1644955724477768,
    0.22985976934432983
  ],
  "base_reward": 0.9582790732383728,
  "dS": 0.02,
  "distance_mode": "uniform_half",
  "n_samples": 30,
  "n_repeats": 1,
  "samples": [
    {
      "sample_index": 0,
      "S_perturbed": [
        0.22807553637305242,
        0.220584672285937,
        0.17362128605464738,
        0.22160090646967598,
        0.176301346836721,
        0.15554904193089156,
        0.2316106623471697
      ],
      "direction": [
        -0.11836525201328375,
        -0.4115388574618318,
        -0.09302853001210637,
        0.4731881864012099,
        0.5759993839722619,
        -0.4929323654158178,
        0.09647000341092461
      ],
      "distance": 0.018149610665833066,
      "reward": 0.9587448239326477,
      "reward_change": 0.00046575069427490234
    },
    {
      "sample_index": 1,
      "S_perturbed": [
        0.23161089545760194,
        0.2299345495657091,
        0.1685572303334978,
        0.21051038946922193,
        0.17613177529791213,
        0.15905731093668588,
        0.2305449142428141
      ],
      "direction": [
        0.09980890019095696,
        0.1353216130214283,
        -0.4858842693969598,
        -0.18005891296443197,
        0.7400416660520337,
        -0.39131739094431883,
        0.04930051884170733
      ],
      "distance": 0.013897316186146022,
      "reward": 0.9581977128982544,
      "reward_change": -8.13603401184082e-05
    },
    {
      "sample_index": 2,
      "S_perturbed": [
        0.22272570103975584,
        0.22671852598047257,
        0.1669874331363878,
        0.21584328749715936,
        0.1595767878901923,
        0.17018767635238277,
        0.24286955061225565
      ],
      "direction": [
        -0.3865574912136301,
        -0.0688459626125008,
        -0.42904648587908595,
        0.1459266191225087,
        -0.3232634824386482,
        0.29345033470253135,
        0.6707053721191399
      ],
      "distance": 0.019397162761378386,
      "reward": 0.9555405378341675,
      "reward_change": -0.0027385354042053223
    },
    {
      "sample_index": 3,
      "S_perturbed": [
        0.22778483728383664,
        0.22986927443997784,
        0.17523170588486542,
        0.20475203817540188,
        0.17590595284207197,
        0.16233512954653354,
        0.23250481769689715
      ],
      "direction": [
        -0.1767880975965154,
        0.1315832048540953,
        -0.0056546340237449855,
        -0.5987706885469768,
        0.7291036475816415,
        -0.156598342611275,
        0.19172466344764852
      ],
      "distance": 0.013796077692891942,
      "reward": 0.9618285298347473,
      "reward_change": 0.0035494565963745117
    },
    {
      "sample_index": 4,
      "S_perturbed": [
        0.22651414233829464,
        0.23408949287321615,
        0.17469696059232928,
        0.21321182085621948,
        0.17059116543322592,
        0.1569201392548204,
        0.22986841030563923
      ],
      "direction": [
        -0.32473965473550875,
        0.5283431567015803,
        -0.053639845805403395,
        0.017428546346467542,
        0.41528126005912763,
        -0.6631422026987767,
        0.0007564169559928323
      ],
      "distance": 0.011423542585778457,
      "reward": 0.9576937556266785,
      "reward_change": -0.0005853176116943359
    },
    {
      "sample_index": 5,
      "S_perturbed": [
        0.2417542997536976,
        0.23012135900410235,
        0.1837661288417987,
        0.20918112940123937,
        0.1601379003918422,
        0.16227868011420063,
        0.21906689027743043
      ],
      "direction": [
        0.5935233955535912,
        0.1064188267814862,
        0.43528784756862116,
        -0.19722870779489268,
        -0.29388128920707957,
        -0.11411298136743163,
        -0.5555558965172109
      ],
      "distance": 0.019427170397362616,
      "reward": 0.9594950079917908,
      "reward_change": 0.0012159347534179688
    },
    {
      "sample_index": 6,
      "S_perturbed": [
        0.23960283329008739,
        0.22468561734106512,
        0.17256091008645072,
        0.2084520388325055,
        0.15657936322747598,
        0.1668146355936474,
        0.23515791468628852
      ],
      "direction": [
        0.5967624667271758,
        -0.21431783704572027,
        -0.17489954080796624,
        -0.2901847134081544,
        -0.5896874389984815,
        0.14755601080677716,
        0.3371073326424874
      ],
      "distance": 0.01571649391435085,
      "reward": 0.9559130668640137,
      "reward_change": -0.002366006374359131
    },
    {
      "sample_index": 7,
      "S_perturbed": [
        0.2345965739582376,
        0.22727222426424495,
        0.18027367271804234,
        0.22143834309650848,
        0.16295792954364033,
        0.166604264650447,
        0.21523725557286927
      ],
      "direction": [
        0.23645969385817497,
        -0.04227194079942869,
        0.26842927865149446,
        0.4556210780267982,
        -0.15623832536652527,
        0.11402897884708554,
        -0.7907224731166043
      ],
      "distance": 0.018492599197069033,
      "reward": 0.9602426290512085,
      "reward_change": 0.0019635558128356934
    },
    {
      "sample_index": 8,
      "S_perturbed": [
        0.2308566012775282,
        0.2308386669938456,
        0.17901648895881406,
        0.20096836900775214,
        0.16481076718262358,
        0.1614387428780659,
        0.2377330068564481
      ],
      "direction": [
        0.040899767310339584,
        0.1799903466530994,
        0.2395867206640152,
        -0.7784855190216241,
        -0.06698856568622233,
        -0.1975778142876501,
        0.5088857666209287
      ],
      "distance": 0.015471522350482773,
      "reward": 0.9590452909469604,
      "reward_change": 0.0007662177085876465
    },
    {
      "sample_index": 9,
      "S_perturbed": [
        0.23550115951042982,
        0.21871252494718318,
        0.18030474470003896,
        0.20386453467544807,
        0.16458031829778952,
        0.16154412895078493,
        0.24153639736524682
      ],
      "direction": [
        0.27420333228710164,
        -0.4853672158067748,
        0.25953474426568357,
        -0.47532740961259806,
        -0.06582451207919252,
        -0.15335295010966582,
        0.6067015533808622
      ],
      "distance": 0.019246082288480446,
      "reward": 0.9608348608016968,
      "reward_change": 0.0025557875633239746
    },
    {
      "sample_index": 10,
      "S_perturbed": [
        0.2320099382495283,
        0.22607339498119935,
        0.174267901987617,
        0.21592501376002565,
        0.16467133392560449,
        0.17364055707906217,
        0.22243546976338777
      ],
      "direction": [
        0.14263267286572068,
        -0.15815901326749196,
        -0.08319545538419074,
        0.2325643466412964,
        -0.09389879787939442,
        0.7302838540137695,
        -0.5928764596033118
      ],
      "distance": 0.01252250694168156,
      "reward": 0.9616881012916565,
      "reward_change": 0.0034090280532836914
    },
    {
      "sample_index": 11,
      "S_perturbed": [
        0.2268040135135541,
        0.2250307886630251,
        0.18380306547496242,
        0.21996422955720082,
        0.16936265615599774,
        0.16909740895757255,
        0.21753497028538216
      ],
      "direction": [
        -0.1891935347063309,
        -0.16724957793847586,
        0.46987649257667885,
        0.38457727092123023,
        0.19448615228432478,
        0.2545868654523094,
        -0.6818434233958329
      ],
      "distance": 0.018075702772882403,
      "reward": 0.9645360708236694,
      "reward_change": 0.006256997585296631
    },
    {
      "sample_index": 12,