{
  "base_S": [
    0.20650282502174377,
    0.20301713049411774,
    0.22716499865055084,
    0.18450003862380981,
    0.21281982958316803,
    0.21453480422496796,
    0.2054021656513214
  ],
  "base_reward": 0.9941540360450745,
  "dS": 0.02,
  "distance_mode": "uniform_half",
  "n_samples": 30,
  "n_repeats": 1,
  "samples": [
    {
      "sample_index": 0,
      "S_perturbed": [
        0.205820531489197,
        0.19663321332030473,
        0.23124676265209254,
        0.18683215723413302,
        0.20347490194112028,
        0.22594279365051956,
        0.2035560573875435
      ],
      "direction": [
        -0.040472601549178124,
        -0.3786841348682647,
        0.24212395423937333,
        0.1383376842643054,
        -0.5543267155864021,
        0.6767043632586857,
        -0.1095082990126472
      ],
      "distance": 0.01685815851787352,
      "reward": 0.995344877243042,
      "reward_change": 0.0011908411979675293
    },
    {
      "sample_index": 1,
      "S_perturbed": [
        0.19872102114955187,
        0.19827750670646638,
        0.21957191895814884,
        0.18782516880039762,
        0.2176932175449894,
        0.21734546844061947,
        0.21533607137510918
      ],
      "direction": [
        -0.46334703462242316,
        -0.2822084266453749,
        -0.4521099499434216,
        0.19798612665645812,
        0.2901730624108515,
        0.16735360477218886,
        0.5914882763601835
      ],
      "distance": 0.016794763515716057,
      "reward": 0.9943931102752686,
      "reward_change": 0.0002390742301940918
    },
    {
      "sample_index": 2,
      "S_perturbed": [
        0.20319384947844718,
        0.19518446355309071,
        0.23623933874639075,
        0.18791351867287898,
        0.21148067682498936,
        0.22379379893067683,
        0.19508552837566098
      ],
      "direction": [
        -0.17433760633959886,
        -0.41267407023309066,
        0.4780932076167886,
        0.17984355981362865,
        -0.07055497489454131,
        0.48782197178047276,
        -0.543545222555702
      ],
      "distance": 0.018980274037093937,
      "reward": 0.9965712428092957,
      "reward_change": 0.0024172067642211914
    },
    {
      "sample_index": 3,
      "S_perturbed": [
        0.20104944506785202,
        0.20777663502426943,
        0.2234610318220219,
        0.18479776302982834,
        0.21513719460896538,
        0.21201347901422293,
        0.21024188901658336
      ],
      "direction": [
        -0.5416926705294889,
        0.47276895084032844,
        -0.3679207573766489,
        0.029573426011310706,
        0.23018745439146915,
        -0.25044713521329415,
        0.4807372118793608
      ],
      "distance": 0.01006729507445841,
      "reward": 0.9939525127410889,
      "reward_change": -0.0002015233039855957
    },
    {
      "sample_index": 4,
      "S_perturbed": [
        0.21091296346581317,
        0.20258362125153465,
        0.22427347858345606,
        0.19657228691031564,
        0.21809155786530834,
        0.20143934766968644,
        0.20196660558189697
      ],
      "direction": [
        0.22481329910593828,
        -0.02209877178551578,
        -0.14739949186601423,
        0.6154006272898491,
        0.26873410940008047,
        -0.667560174998669,
        -0.1751327318357949
      ],
      "distance": 0.01961689304684426,
      "reward": 0.9922765493392944,
      "reward_change": -0.0018774867057800293
    },
    {
      "sample_index": 5,
      "S_perturbed": [
        0.20879858268349918,
        0.1957870562883645,
        0.22387936730812655,
        0.18629461876200878,
        0.21639530420770758,
        0.21916412523607207,
        0.20372227296516668
      ],
      "direction": [
        0.22030129546423613,
        -0.6937991497813808,
        -0.3152897421239588,
        0.17220821511157355,
        0.34310315274447645,
        0.4442304311362874,
        -0.16120278771837251
      ],
      "distance": 0.01042099029385012,
      "reward": 0.9950398206710815,
      "reward_change": 0.0008857846260070801
    },
    {
      "sample_index": 6,
      "S_perturbed": [
        0.21050948612804832,
        0.20243071090558076,
        0.22426221616680223,
        0.1762485803144893,
        0.2113856628985065,
        0.22153631196333223,
        0.20674890563360535
      ],
      "direction": [
        0.33181918167258123,
        -0.04856544210313417,
        -0.2403993956003317,
        -0.6833600524626035,
        -0.11877321367101884,
        0.5798430430171974,
        0.11153280674126242
      ],
      "distance": 0.012074832702884775,
      "reward": 0.9947749376296997,
      "reward_change": 0.0006209015846252441
    },
    {
      "sample_index": 7,
      "S_perturbed": [
        0.2058593584137526,
        0.2074843831894204,
        0.22687880252397893,
        0.18466206727492834,
        0.2152139375936803,
        0.20445933826854112,
        0.2098475559324417
      ],
      "direction": [
        -0.052984569409454216,
        0.3678442013374545,
        -0.023566069077627795,
        0.013341824120930646,
        0.19713654210080916,
        -0.8296378066415713,
        0.36604399820753547
      ],
      "distance": 0.012144415160168499,
      "reward": 0.9931463003158569,
      "reward_change": -0.0010077357292175293
    },
    {
      "sample_index": 8,
      "S_perturbed": [
        0.21574284161884813,
        0.2006742275252785,
        0.23791948300887997,
        0.17863990366481242,
        0.20976113581888717,
        0.20790201355196658,
        0.2018950350375793
      ],
      "direction": [
        0.5277711905681826,
        -0.13382191214218275,
        0.6142745474635805,
        -0.3347191394839605,
        -0.174706444798364,
        -0.3788516820820951,
        -0.20032025700828865
      ],
      "distance": 0.017507618381285353,
      "reward": 0.9946646094322205,
      "reward_change": 0.0005105733871459961
    },
    {
      "sample_index": 9,
      "S_perturbed": [
        0.21255757327283237,
        0.21229632563754236,
        0.22568061123961192,
        0.17492671944267207,
        0.20707844231205036,
        0.2114297912789366,
        0.20957609832471957
      ],
      "direction": [
        0.36403012206259777,
        0.5578938050968859,
        -0.08924594516297671,
        -0.5755774485631514,
        -0.34518989435074177,
        -0.1866829461566006,
        0.25094969395383454
      ],
      "distance": 0.0166325473748775,
      "reward": 0.9926736354827881,
      "reward_change": -0.001480400562286377
    },
    {
      "sample_index": 10,
      "S_perturbed": [
        0.20106649828098747,
        0.20560197795514817,
        0.21624289133012428,
        0.19292070960053648,
        0.20621576155781216,
        0.22085698248601102,
        0.21306763622494346
      ],
      "direction": [
        -0.28308891882449017,
        0.1346022246204305,
        -0.5687530753889983,
        0.43849436508422185,
        -0.3438973715699223,
        0.32921836634958795,
        0.399168387120475
      ],
      "distance": 0.019203601339573224,
      "reward": 0.9925252199172974,
      "reward_change": -0.0016288161277770996
    },
    {
      "sample_index": 11,
      "S_perturbed": [
        0.20843903706422937,
        0.19919079799654998,
        0.23545491497377963,
        0.18332090256132724,
        0.21254668327348566,
        0.21354909847625048,
        0.2004409169436475
      ],
      "direction": [
        0.18121334715649504,
        -0.35811290499350373,
        0.7758672354144959,
        -0.11035733067804628,
        -0.0255642233158735,
        -0.09225386172435328,
        -0.46433162518671617
      ],
      "distance": 0.010684709889572833,
      "reward": 0.9953943490982056,
      "reward_change": 0.0012403130531311035
    },
    {
      "sample_index": 12,