{
  "base_S": [
    0.2532510757446289,
    0.2503381371498108,
    0.06098926067352295,
    0.24813993275165558,
    0.05999530479311943,
    0.05161143094301224,
    0.24827085435390472
  ],
  "base_reward": 0.7866888046264648,
  "dS": 0.02,
  "distance_mode": "uniform_half",
  "n_samples": 30,
  "n_repeats": 1,
  "samples": [
    {
      "sample_index": 0,
      "S_perturbed": [
        0.2610207500659192,
        0.2432078634844922,
        0.055476027933515706,
        0.24982906498423588,
        0.058506695806073025,
        0.05645081310416425,
        0.24655478498345224
      ],
      "direction": [
        0.5906525084583579,
        -0.5420451169844647,
        -0.4191172773711876,
        0.12840823811077423,
        -0.1131644128124276,
        0.3678909944835853,
        -0.1304560058030844
      ],
      "distance": 0.013154391473879737,
      "reward": 0.7828817367553711,
      "reward_change": -0.00380706787109375
    },
    {
      "sample_index": 1,
      "S_perturbed": [
        0.24104976664439604,
        0.2558443962910461,
        0.06205815696999482,
        0.2545135945137787,
        0.05800311913835589,
        0.04583757510286689,
        0.2502136338839527
      ],
      "direction": [
        -0.7537453901303285,
        0.3401534548854185,
        0.06603190275522776,
        0.3937379286095257,
        -0.12306882328988232,
        -0.35668444976150754,
        0.12001672138485901
      ],
      "distance": 0.016187573761642725,
      "reward": 0.7818549871444702,
      "reward_change": -0.004833817481994629
    },
    {
      "sample_index": 2,
      "S_perturbed": [
        0.2530232791306015,
        0.2434405134076134,
        0.06881552405073942,
        0.2529384486094365,
        0.060210970949384775,
        0.04274591330902145,
        0.25053060263570215
      ],
      "direction": [
        -0.015511966550158452,
        -0.469698415937261,
        0.532934768317084,
        0.32675822594688236,
        0.014685934715371921,
        -0.6037034991738716,
        0.15387910794320292
      ],
      "distance": 0.014685218233988474,
      "reward": 0.7869367003440857,
      "reward_change": 0.0002478957176208496
    },
    {
      "sample_index": 3,
      "S_perturbed": [
        0.2528843614430762,
        0.2585806654181443,
        0.06289555083648724,
        0.24344728323381742,
        0.06074495473102653,
        0.053817661860697176,
        0.24391585259910867
      ],
      "direction": [
        -0.03374104646512002,
        0.7583874643403492,
        0.17539600907910893,
        -0.4317663771374322,
        0.06897460306401966,
        0.20299328275772446,
        -0.400699716215267
      ],
      "distance": 0.010868492236356934,
      "reward": 0.7905384302139282,
      "reward_change": 0.003849625587463379
    },
    {
      "sample_index": 4,
      "S_perturbed": [
        0.24227902098390308,
        0.25114506468928277,
        0.06062861962501529,
        0.2530234556053105,
        0.052864050159445716,
        0.05154982110035019,
        0.25559309776937067
      ],
      "direction": [
        -0.6946428316870843,
        0.051086732905443716,
        -0.022832251991183692,
        0.30917674197307926,
        -0.45148105986020975,
        -0.0039005306207322643,
        0.46357259522872846
      ],
      "distance": 0.01579524650686728,
      "reward": 0.7825552225112915,
      "reward_change": -0.00413358211517334
    },
    {
      "sample_index": 5,
      "S_perturbed": [
        0.2523205873519785,
        0.24554216144643473,
        0.06380626777863171,
        0.25129632082642606,
        0.07165980509635415,
        0.051474525131884705,
        0.24741888291887068
      ],
      "direction": [
        -0.06963152283043451,
        -0.35889871848117405,
        0.21080595534798172,
        0.23620295537922434,
        0.872893123208959,
        -0.010245114488739031,
        -0.06375583929690043
      ],
      "distance": 0.013363033793133,
      "reward": 0.7960739135742188,
      "reward_change": 0.009385108947753906
    },
    {
      "sample_index": 6,
      "S_perturbed": [
        0.24995929761176677,
        0.24931500979644486,
        0.05333292262512055,
        0.24840560155185007,
        0.049866191237016466,
        0.06284900568098198,
        0.2543872283869432
      ],
      "direction": [
        -0.17935057600754375,
        -0.05574448603427073,
        -0.41715103013200316,
        0.014474806751537428,
        -0.5518787346561943,
        0.6122725836416827,
        0.3332470056082543
      ],
      "distance": 0.018353875444055902,
      "reward": 0.7811700105667114,
      "reward_change": -0.005518794059753418
    },
    {
      "sample_index": 7,
      "S_perturbed": [
        0.25321026764777765,
        0.24872328064278335,
        0.050652038309166994,
        0.25318727042164224,
        0.06163160520857386,
        0.047153134819647904,
        0.2479669002935367
      ],
      "direction": [
        -0.0032507436823259704,
        -0.12863830938297316,
        -0.8234557082191593,
        0.40206729324034113,
        0.13034651572490208,
        -0.35514466675056755,
        -0.024212762115813562
      ],
      "distance": 0.012553464941923439,
      "reward": 0.7758041620254517,
      "reward_change": -0.010884642601013184
    },
    {
      "sample_index": 8,
      "S_perturbed": [
        0.2530964248376572,
        0.24646881944848498,
        0.054640529921559995,
        0.25413369472732344,
        0.06524406313511369,
        0.04336941781603455,
        0.24834415007326652
      ],
      "direction": [
        -0.01131789136047466,
        -0.28317012968293875,
        -0.46462220192965903,
        0.4386443520409208,
        0.3841223944644409,
        -0.6031791923457316,
        0.005364035718692769
      ],
      "distance": 0.013664286221354774,
      "reward": 0.778975784778595,
      "reward_change": -0.007713019847869873
    },
    {
      "sample_index": 9,
      "S_perturbed": [
        0.26376878435304696,
        0.25194775733557967,
        0.050688126260430136,
        0.2486164562883438,
        0.062207908026118613,
        0.05302630567052607,
        0.23714459595231485
      ],
      "direction": [
        0.5619988079649394,
        0.08600776645916978,
        -0.5504264737103726,
        0.025462357777404507,
        0.11822730841294357,
        0.0756018197391464,
        -0.5945158010746496
      ],
      "distance": 0.018714823695985858,
      "reward": 0.782028317451477,
      "reward_change": -0.004660487174987793
    },
    {
      "sample_index": 10,
      "S_perturbed": [
        0.25855832516412774,
        0.25731024592050433,
        0.061757320043617205,
        0.23977480345853003,
        0.053525454345882205,
        0.05396066777544788,
        0.24507410843622326
      ],
      "direction": [
        0.3707290300487124,
        0.4870249949921178,
        0.05365150246165694,
        -0.5843321132936983,
        -0.4519405800021711,
        0.16410200904517117,
        -0.22330333845250858
      ],
      "distance": 0.01431571036884129,
      "reward": 0.7861202359199524,
      "reward_change": -0.0005685687065124512
    },
    {
      "sample_index": 11,
      "S_perturbed": [
        0.2591365827826769,
        0.23465153322555848,
        0.06447669170637416,
        0.25421455539766863,
        0.06126470531993616,
        0.04908111766127408,
        0.25137563623461373
      ],
      "direction": [
        0.3157570436905616,
        -0.841585210695698,
        0.18710043262016585,
        0.3259030829189119,
        0.06810325007101271,
        -0.13575113176953849,
        0.16657133219262046
      ],
      "distance": 0.018639353121812762,
      "reward": 0.7888839840888977,
      "reward_change": 0.0021951794624328613
    },
    {
      "sample_index": 12,