{
  "base_S": [
    0.25,
    0.25,
    0.0,
    0.25,
    0.0,
    0.0,
    0.25
  ],
  "base_reward": 0.6499692797660828,
  "dS": 0.02,
  "distance_mode": "uniform_half",
  "n_samples": 30,
  "n_repeats": 1,
  "samples": [
    {
      "sample_index": 0,
      "S_perturbed": [
        0.2528972835634696,
        0.24013507358821382,
        0.005335888191742854,
        0.2448522479642208,
        0.005759044706264267,
        0.007490582751225526,
        0.26211539488409574
      ],
      "direction": [
        0.14545807808449657,
        -0.49526848334618007,
        0.2678881870696872,
        -0.25844281416600506,
        0.28913275356890444,
        0.3760645952864035,
        0.6082532194276884
      ],
      "distance": 0.019918340745479757,
      "reward": 0.6674264073371887,
      "reward_change": 0.017457127571105957
    },
    {
      "sample_index": 1,
      "S_perturbed": [
        0.2562186530121324,
        0.2492671582766995,
        0.007151814486176671,
        0.24286314705645004,
        0.0002834231917138309,
        0.0028802502225648207,
        0.251651041654718
      ],
      "direction": [
        0.5037470182299965,
        -0.059364436675742364,
        0.5793385183763764,
        -0.5781265465117895,
        0.022958924938330436,
        0.2333169994438683,
        0.13374396495753518
      ],
      "distance": 0.01234479369025897,
      "reward": 0.6616932153701782,
      "reward_change": 0.011723935604095459
    },
    {
      "sample_index": 2,
      "S_perturbed": [
        0.24807598482636503,
        0.24824993322926148,
        0.0033905095876631017,
        0.25142887797414354,
        0.002786274516515972,
        0.011728837716580762,
        0.2522452039702299
      ],
      "direction": [
        -0.14727455351126456,
        -0.13395959959529627,
        0.2595279873782742,
        0.10937406759973588,
        0.2132765588352664,
        0.8977888332616808,
        0.1718600855068249
      ],
      "distance": 0.013064138561369395,
      "reward": 0.6648848652839661,
      "reward_change": 0.0149155855178833
    },
    {
      "sample_index": 3,
      "S_perturbed": [
        0.25451096421085184,
        0.24368976993528224,
        0.00025244086988735994,
        0.24998416751151703,
        0.011369385105995694,
        0.008636329033929866,
        0.2518150983423489
      ],
      "direction": [
        0.2758726274300189,
        -0.3859085699358389,
        0.015438279443452855,
        -0.0009682520171732926,
        0.6953063679621755,
        0.5281635301403725,
        0.11100419452299315
      ],
      "distance": 0.01635161941536279,
      "reward": 0.6680827140808105,
      "reward_change": 0.018113434314727783
    },
    {
      "sample_index": 4,
      "S_perturbed": [
        0.24964404545822422,
        0.25236026006076684,
        0.006936747195698727,
        0.24703976460491522,
        0.012607840365472505,
        0.0016158483438762983,
        0.2509559298760937
      ],
      "direction": [
        -0.023727065952742665,
        0.15732920796025496,
        0.46238673452162593,
        -0.19732210777370107,
        0.8404080430631231,
        0.10770852939118535,
        0.0637199657661887
      ],
      "distance": 0.015002046291131853,
      "reward": 0.66878342628479,
      "reward_change": 0.018814146518707275
    },
    {
      "sample_index": 5,
      "S_perturbed": [
        0.24247268699882626,
        0.25355087560771356,
        0.007017221268887638,
        0.24690070621348176,
        0.010579937926549557,
        0.009906939398047807,
        0.2570757311799784
      ],
      "direction": [
        -0.38201114368946704,
        0.1802069412803972,
        0.3561239876741976,
        -0.15728916332200835,
        0.5369318622534434,
        0.5027771861380494,
        0.3590933657310783
      ],
      "distance": 0.01970443303950474,
      "reward": 0.6753538846969604,
      "reward_change": 0.025384604930877686
    },
    {
      "sample_index": 6,
      "S_perturbed": [
        0.2559430696776612,
        0.2484971705939099,
        0.0036354862746636653,
        0.2540888249683605,
        0.011531275443599774,
        0.0072040614422663905,
        0.24147093476006842
      ],
      "direction": [
        0.3295974995290351,
        -0.08334561789302979,
        0.20162092162662143,
        0.22676269313299915,
        0.6395145537123793,
        0.3995310111792221,
        -0.47301457476900466
      ],
      "distance": 0.018031294794873344,
      "reward": 0.6702311038970947,
      "reward_change": 0.020261824131011963
    },
    {
      "sample_index": 7,
      "S_perturbed": [
        0.25902756059377174,
        0.25130183072912354,
        0.0009543902173055805,
        0.24980381616087832,
        0.004511648888891341,
        0.001850647927142417,
        0.23986679251622633
      ],
      "direction": [
        0.6220687920478208,
        0.0897062125149673,
        0.06576487229907263,
        -0.0135185848440514,
        0.3108875255174486,
        0.12752396492774998,
        -0.6982564197187371
      ],
      "distance": 0.01451215799470257,
      "reward": 0.6584546566009521,
      "reward_change": 0.008485376834869385
    },
    {
      "sample_index": 8,
      "S_perturbed": [
        0.2506674616254579,
        0.25041961942399166,
        0.011229094687157609,
        0.25030028100863994,
        0.006680593494342578,
        0.008259608712882718,
        0.24861263794191052
      ],
      "direction": [
        0.042943289554027105,
        0.026997564713334914,
        0.7224599080874371,
        0.019319544090275222,
        0.42981746047721486,
        0.5314084810747921,
        -0.08926039835763734
      ],
      "distance": 0.015542862048752727,
      "reward": 0.6719027161598206,
      "reward_change": 0.021933436393737793
    },
    {
      "sample_index": 9,
      "S_perturbed": [
        0.2544319478716135,
        0.24665200637527057,
        0.008729129721202655,
        0.24666564351636655,
        0.000567920854273644,
        0.006371960199893693,
        0.2522504022367494
      ],
      "direction": [
        0.3459129446787278,
        -0.2613104592031549,
        0.6813074191787675,
        -0.26024608214589634,
        0.04432614749476632,
        0.4973306500824092,
        0.17564359667032303
      ],
      "distance": 0.0128123215386742,
      "reward": 0.6660043597221375,
      "reward_change": 0.016035079956054688
    },
    {
      "sample_index": 10,
      "S_perturbed": [
        0.24853257086728703,
        0.24786405259857644,
        0.007332504966780328,
        0.25181271261492333,
        0.0019475614294043725,
        0.008063238369283611,
        0.2517906639192132
      ],
      "direction": [
        -0.1259317672922148,
        -0.18330263800009886,
        0.629260581353207,
        0.1555632896344046,
        0.1671357391287524,
        0.691970627613882,
        0.15367111565790903
      ],
      "distance": 0.011652573169309262,
      "reward": 0.666003406047821,
      "reward_change": 0.01603412628173828
    },
    {
      "sample_index": 11,
      "S_perturbed": [
        0.2545786850266309,
        0.24117518600598223,
        0.007103403384630587,
        0.24863677383965593,
        0.013303055239770514,
        0.0019050492715736967,
        0.2556093551277309
      ],
      "direction": [
        0.24024459842220464,
        -0.463039908142247,
        0.37271711935756996,
        -0.07152877289999801,
        0.6980141995525639,
        0.09995834929936351,
        0.2943240826200402
      ],
      "distance": 0.01905843068564786,
      "reward": 0.6693062782287598,
      "reward_change": 0.019336998462677002
    },
    {
      "sample_index": 12,
      "S_perturbed": [
        0.2490172965064894,
        0.24426975702541495,
        0.0017951048842055064,
        0.25286358311631446,
        0.0001990809671290922,
        0.010266202277510452,
        0.2538493633517812
      ],