{
  "base_S": [
    0.1428571492433548,
    0.1428571492433548,
    0.1428571492433548,
    0.1428571492433548,
    0.1428571492433548,
    0.1428571492433548,
    0.1428571492433548
  ],
  "base_reward": 0.9877637028694153,
  "dS": 0.02,
  "distance_mode": "uniform_half",
  "n_samples": 10,
  "n_repeats": 1,
  "samples": [
    {
      "sample_index": 0,
      "S_perturbed": [
        0.14699819113516743,
        0.14330804429388397,
        0.1392564790125664,
        0.14775544990955417,
        0.13677540304824046,
        0.14058119301394167,
        0.14532528429012948
      ],
      "direction": [
        0.40888533422426676,
        0.0445212529243411,
        -0.35552918545888856,
        0.48365685674171643,
        -0.6005099418513674,
        -0.2247272903428746,
        0.2437029737628059
      ],
      "distance": 0.010127636149310622,
      "reward": 0.9837168455123901,
      "reward_change": -0.0040468573570251465
    },
    {
      "sample_index": 1,
      "S_perturbed": [
        0.14327867418929832,
        0.139692012112732,
        0.1434777187019271,
        0.13694525363342228,
        0.1525628513790477,
        0.14414244361515627,
        0.1399010910718999
      ],
      "direction": [
        0.034403344560686576,
        -0.25832706779168796,
        0.05064863921472948,
        -0.4825075802336276,
        0.7921443748251499,
        0.1049010872559882,
        -0.24126279783123858
      ],
      "distance": 0.012252440898586516,
      "reward": 0.991203248500824,
      "reward_change": 0.0034395456314086914
    },
    {
      "sample_index": 2,
      "S_perturbed": [
        0.14699788655582618,
        0.1474124182290398,
        0.13886310720014888,
        0.13801408282408986,
        0.1381159971262276,
        0.1424883813353597,
        0.1481081714327915
      ],
      "direction": [
        0.36672195147253417,
        0.40343470397924774,
        -0.35372997169762854,
        -0.42892331349652796,
        -0.41989733359426545,
        -0.032659711702332055,
        0.4650536750389718
      ],
      "distance": 0.011291217490103016,
      "reward": 0.9847478270530701,
      "reward_change": -0.003015875816345215
    },
    {
      "sample_index": 3,
      "S_perturbed": [
        0.1440049960125165,
        0.14976410907481214,
        0.14128270771622126,
        0.14950411865950122,
        0.14260374815457877,
        0.12969777814734554,
        0.14314258693850812
      ],
      "direction": [
        0.0699855243350591,
        0.42112520447198304,
        -0.0959954924051428,
        0.4052732928523577,
        -0.015450152878869475,
        -0.8023418376186381,
        0.017403461243250623
      ],
      "distance": 0.016401202678233084,
      "reward": 0.9826951026916504,
      "reward_change": -0.005068600177764893
    },
    {
      "sample_index": 4,
      "S_perturbed": [
        0.15063472108163986,
        0.14562433971762503,
        0.1522643732104029,
        0.13939351534246366,
        0.14085082457163212,
        0.13034131032124624,
        0.14089096045847377
      ],
      "direction": [
        0.4260944132320101,
        0.15160057996910403,
        0.5153749344558034,
        -0.18975524563925208,
        -0.10991653327358863,
        -0.6856804607539433,
        -0.10771768799013388
      ],
      "distance": 0.01825316548811482,
      "reward": 0.9861360192298889,
      "reward_change": -0.0016276836395263672
    },
    {
      "sample_index": 5,
      "S_perturbed": [
        0.1490138438786757,
        0.1443981492699358,
        0.14357588845446526,
        0.14324746317672585,
        0.13434135992532478,
        0.13825465629390116,
        0.14716868370445507
      ],
      "direction": [
        0.49735024518144394,
        0.12448509897628411,
        0.058061207196557794,
        0.03153034898728672,
        -0.6879226851592918,
        -0.3717986894663216,
        0.3482944742840403
      ],
      "distance": 0.012378991857287202,
      "reward": 0.9836081862449646,
      "reward_change": -0.004155516624450684
    },
    {
      "sample_index": 6,
      "S_perturbed": [
        0.1572662603171261,
        0.13296367645549056,
        0.1437646346196345,
        0.14046548902579473,
        0.14451443384610396,
        0.14043217928940335,
        0.14059337114993034
      ],
      "direction": [
        0.7982934595022989,
        -0.5481181023507008,
        0.050276497749869246,
        -0.1325027407489019,
        0.09181686865588556,
        -0.13434816650506642,
        -0.12541781630338525
      ],
      "distance": 0.01804989243273364,
      "reward": 0.987882137298584,
      "reward_change": 0.00011843442916870117
    },
    {
      "sample_index": 7,
      "S_perturbed": [
        0.1527468315459399,
        0.13238485030961208,
        0.1502334974660164,
        0.14344249630344194,
        0.14104387428298032,
        0.1456592639694473,
        0.13448923082604558
      ],
      "direction": [
        0.5336894238261031,
        -0.5651299013541558,
        0.398059200735291,
        0.03158782311485882,
        -0.09785204814795669,
        0.15121405803622737,
        -0.45156855621036834
      ],
      "distance": 0.01853078187625384,
      "reward": 0.9903402328491211,
      "reward_change": 0.0025765299797058105
    },
    {
      "sample_index": 8,
      "S_perturbed": [
        0.1364852813876719,
        0.14511463563848093,
        0.15359715937697868,
        0.1372819964810747,
        0.1368826968089138,
        0.1486687891537734,
        0.14196948585659017
      ],
      "direction": [
        -0.39336693931995964,
        0.13936580825592787,
        0.6630339815916036,
        -0.34418177338429734,
        -0.36883251841965053,
        0.358781295495979,
        -0.0547998542196028
      ],
      "distance": 0.016198280075845655,
      "reward": 0.9909645915031433,
      "reward_change": 0.0032008886337280273
    },
    {
      "sample_index": 9,
      "S_perturbed": [
        0.14231924432438614,
        0.13869314217775192,
        0.15360801459187023,
        0.14336789965441926,
        0.13697766905789183,
        0.14750672263907502,
        0.1375273522580892
      ],
      "direction": [
        -0.036426186243235854,
        -0.28198086974296255,
        0.7280339138965761,
        0.0345873200656254,
        -0.39815036579274604,
        0.3148627582525731,
        -0.3609265704358305
      ],
      "distance": 0.014766984261728632,
      "reward": 0.9906207323074341,
      "reward_change": 0.002857029438018799
    }
  ],
  "gradient_computed": [
    -0.11991365814909959,
    -0.1351329722715328,
    0.187406139089077,
    -0.15045613255259152,
    0.17703986595320734,
    0.180668066966387,
    -0.13961130903544736
  ],
  "gradient_magnitude": 0.416981650154161,
  "gradient_dot_S": 4.163336342344337e-17,
  "linear_regression": {
    "matrix_rank": 7,
    "residuals": 1.7559550872420194e-08,
    "intercept": -0.00026136068999924045,
    "r2_with_intercept": 0.9998322838036635,
    "r2_no_intercept": 0.9933078604007753
  }
}