{
  "base_S": [
    0.1428571492433548,
    0.1428571492433548,
    0.1428571492433548,
    0.1428571492433548,
    0.1428571492433548,
    0.1428571492433548,
    0.1428571492433548
  ],
  "base_reward": 0.9892914891242981,
  "dS": 0.02,
  "distance_mode": "uniform_half",
  "n_samples": 20,
  "n_repeats": 1,
  "samples": [
    {
      "sample_index": 0,
      "S_perturbed": [
        0.14629591179339657,
        0.1473663008663449,
        0.14665659601517847,
        0.14779650286345072,
        0.13713127226990085,
        0.13646587321062678,
        0.1382875876845853
      ],
      "direction": [
        0.26729814988759965,
        0.35050046894726106,
        0.2953344634663839,
        0.38394046261676795,
        -0.4450776403475878,
        -0.4967997162084958,
        -0.3551961883619292
      ],
      "distance": 0.012864894693389372,
      "reward": 0.9868136048316956,
      "reward_change": -0.002477884292602539
    },
    {
      "sample_index": 1,
      "S_perturbed": [
        0.1353156866383046,
        0.1351304494060338,
        0.14935425103930816,
        0.14059441595127917,
        0.15156742138183404,
        0.136459873252435,
        0.1515779470342888
      ],
      "direction": [
        -0.39927403872303074,
        -0.40908121031877687,
        0.34398156033125177,
        -0.11979780413882675,
        0.46115531127587495,
        -0.3386963982304887,
        0.4617125798039967
      ],
      "distance": 0.018887936288493813,
      "reward": 0.9916529655456543,
      "reward_change": 0.002361476421356201
    },
    {
      "sample_index": 2,
      "S_perturbed": [
        0.14482554618053933,
        0.15499016514767677,
        0.13182999405357368,
        0.14234220153298727,
        0.1382185211037903,
        0.1449822420985746,
        0.14281137458634163
      ],
      "direction": [
        0.11383857602513106,
        0.7016904097675851,
        -0.6377350120287899,
        -0.029781043126133607,
        -0.26826643150208196,
        0.12290079302065189,
        -0.0026472921563626094
      ],
      "distance": 0.017291124027675797,
      "reward": 0.9851542711257935,
      "reward_change": -0.004137217998504639
    },
    {
      "sample_index": 3,
      "S_perturbed": [
        0.13854626205481477,
        0.14666124664482308,
        0.1473218410616144,
        0.1456742097718804,
        0.141734183156212,
        0.13196432197074118,
        0.14809798004339775
      ],
      "direction": [
        -0.29868715424157966,
        0.2635733614934041,
        0.3093437697248709,
        0.19518483221467806,
        -0.07780661618103642,
        -0.7547280727621879,
        0.36311987975185095
      ],
      "distance": 0.014432784026103004,
      "reward": 0.9870200157165527,
      "reward_change": -0.0022714734077453613
    },
    {
      "sample_index": 4,
      "S_perturbed": [
        0.13925898811990092,
        0.13959800941812472,
        0.1446520708136395,
        0.1449112369590631,
        0.13620255449978058,
        0.1455790441546277,
        0.14979814073834705
      ],
      "direction": [
        -0.31451750630966857,
        -0.28488344334117593,
        0.15689521312083132,
        0.1795490874143395,
        -0.5816822739281161,
        0.23792253058105878,
        0.606716392462731
      ],
      "distance": 0.01144025706445474,
      "reward": 0.9886472225189209,
      "reward_change": -0.0006442666053771973
    },
    {
      "sample_index": 5,
      "S_perturbed": [
        0.13372267284880476,
        0.14515798941453514,
        0.1546880240015181,
        0.13878516273225444,
        0.13882815900893275,
        0.14312352530425365,
        0.14569451139318473
      ],
      "direction": [
        -0.5562800445507061,
        0.14011875641737911,
        0.7204878805611175,
        -0.24797971333707308,
        -0.24536128512367422,
        0.016222023094008203,
        0.17279238293894902
      ],
      "distance": 0.016420643674046817,
      "reward": 0.9915823340415955,
      "reward_change": 0.0022908449172973633
    },
    {
      "sample_index": 6,
      "S_perturbed": [
        0.1472221379334934,
        0.13364426069935803,
        0.141768736347081,
        0.13979666554729145,
        0.15014536347636645,
        0.14483172995744448,
        0.14259115074244877
      ],
      "direction": [
        0.33324463130179655,
        -0.7033570677983265,
        -0.08309477528368243,
        -0.2336523261111609,
        0.5564179972368629,
        0.15074916998732488,
        -0.020307629332814832
      ],
      "distance": 0.013098451648229356,
      "reward": 0.9913695454597473,
      "reward_change": 0.0020780563354492188
    },
    {
      "sample_index": 7,
      "S_perturbed": [
        0.1413087289079728,
        0.15253758340771925,
        0.13031748198351933,
        0.14817326298779282,
        0.1424967230297696,
        0.1366456703700272,
        0.14852059401668258
      ],
      "direction": [
        -0.08248426179958297,
        0.5156761686096593,
        -0.6679873504017043,
        0.283189072006351,
        -0.01919988357260835,
        -0.3308851206889763,
        0.3016913758468615
      ],
      "distance": 0.01877231245815442,
      "reward": 0.9832066893577576,
      "reward_change": -0.006084799766540527
    },
    {
      "sample_index": 8,
      "S_perturbed": [
        0.13576002218264752,
        0.14220640507188828,
        0.1454299456335733,
        0.14237610024908226,
        0.15279422410851495,
        0.1376432852164846,
        0.14379006224129265
      ],
      "direction": [
        -0.5225776914704134,
        -0.04791578112579319,
        0.1894408803341628,
        -0.035420737259008094,
        0.7316895412164923,
        -0.38390872863010517,
        0.06869251693466524
      ],
      "distance": 0.013580998914702231,
      "reward": 0.9913086295127869,
      "reward_change": 0.0020171403884887695
    },
    {
      "sample_index": 9,
      "S_perturbed": [
        0.13785745417507209,
        0.15146163040079286,
        0.14917740454354156,
        0.13269291084242643,
        0.13691833493357808,
        0.15193198822227025,
        0.13996032158580232
      ],
      "direction": [
        -0.2605190980873737,
        0.4483536775804854,
        0.32932952670094573,
        -0.5296279442626959,
        -0.30945378199291657,
        0.4728626113766653,
        -0.15094499131510988
      ],
      "distance": 0.01919128042814694,
      "reward": 0.9919927716255188,
      "reward_change": 0.002701282501220703
    },
    {
      "sample_index": 10,
      "S_perturbed": [
        0.14782813235491,
        0.144111745518101,
        0.13652559140500764,
        0.13831890816589984,
        0.14176437649211612,
        0.14787639955479234,
        0.14357489121265665
      ],
      "direction": [
        0.46583861870280047,
        0.11757018331019906,
        -0.5933402088605699,
        -0.42528568442481157,
        -0.1024054472866288,
        0.4703618136558426,
        0.0672607249031677
      ],
      "distance": 0.01067104124041425,
      "reward": 0.9886379241943359,
      "reward_change": -0.0006535649299621582
    },
    {
      "sample_index": 11,
      "S_perturbed": [
        0.1500539780156297,
        0.1418378034690153,
        0.1400685137210782,
        0.14291984346469308,
        0.14616453189219736,
        0.146359962930476,
        0.13259541121039395
      ],
      "direction": [
        0.5233184345539107,
        -0.07412187392195944,
        -0.20277603125437704,
        0.00455881928061408,
        0.24049680283222014,
        0.25470759876073085,
        -0.7461837502511394
      ],
      "distance": 0.013752293626746901,
      "reward": 0.9905483722686768,
      "reward_change": 0.0012568831443786621
    },
    {
      "sample_index": 12,