{
  "base_S": [
    0.1428571492433548,
    0.1428571492433548,
    0.1428571492433548,
    0.1428571492433548,
    0.1428571492433548,
    0.1428571492433548,
    0.1428571492433548
  ],
  "base_reward": 0.9893732070922852,
  "dS": 0.02,
  "distance_mode": "uniform_half",
  "n_samples": 20,
  "n_repeats": 1,
  "samples": [
    {
      "sample_index": 0,
      "S_perturbed": [
        0.14563282408798914,
        0.15898668123931387,
        0.1423821338219962,
        0.14177892685977983,
        0.13808583313595757,
        0.1349006016150828,
        0.13823304394336422
      ],
      "direction": [
        0.14300976310944769,
        0.8310341372540164,
        -0.024473991617983748,
        -0.055552734482729245,
        -0.24583023028011225,
        -0.4099413854932712,
        -0.23824555848936774
      ],
      "distance": 0.019408988479409327,
      "reward": 0.9851372838020325,
      "reward_change": -0.0042359232902526855
    },
    {
      "sample_index": 1,
      "S_perturbed": [
        0.15013969562436108,
        0.12942608831868652,
        0.14784516882252505,
        0.13928799844788006,
        0.14076155644270064,
        0.14741718922141997,
        0.14512234782591027
      ],
      "direction": [
        0.41950496172482754,
        -0.7736849728581133,
        0.287330674350388,
        -0.20559793093125192,
        -0.12071486148334992,
        0.262677269238014,
        0.1304848599594855
      ],
      "distance": 0.0173598575594041,
      "reward": 0.9913808703422546,
      "reward_change": 0.0020076632499694824
    },
    {
      "sample_index": 2,
      "S_perturbed": [
        0.14880218986899815,
        0.15507026849402172,
        0.13853683211899243,
        0.14956306232620542,
        0.13674739080142842,
        0.13489503288635044,
        0.136385268207487
      ],
      "direction": [
        0.3007506026528418,
        0.6178432085166135,
        -0.21855830104823934,
        0.33924198807079625,
        -0.30908342754576157,
        -0.4027914094366645,
        -0.3274026612095863
      ],
      "distance": 0.019767344015951135,
      "reward": 0.9831372499465942,
      "reward_change": -0.006235957145690918
    },
    {
      "sample_index": 3,
      "S_perturbed": [
        0.13794554380408908,
        0.15419409971857298,
        0.13539287041743758,
        0.1428288420818775,
        0.1484433058973356,
        0.14095262177481438,
        0.14024276100935648
      ],
      "direction": [
        -0.31061610018798524,
        0.716962994723585,
        -0.47205037299754643,
        -0.0017901804642482776,
        0.35327556668682286,
        -0.12044471045039068,
        -0.16533719731023713
      ],
      "distance": 0.015812462510131325,
      "reward": 0.9881752133369446,
      "reward_change": -0.0011979937553405762
    },
    {
      "sample_index": 4,
      "S_perturbed": [
        0.13637978546880847,
        0.15058889127996045,
        0.14559489843193957,
        0.13955074472512435,
        0.14221756274231853,
        0.14438604896499355,
        0.14128211309033864
      ],
      "direction": [
        -0.5784490360937354,
        0.6904689753530485,
        0.24448964645561982,
        -0.29527236281249747,
        -0.05711709391354969,
        0.13653557234831404,
        -0.14065570133719943
      ],
      "distance": 0.011197812374773668,
      "reward": 0.9902974963188171,
      "reward_change": 0.0009242892265319824
    },
    {
      "sample_index": 5,
      "S_perturbed": [
        0.14257423904006264,
        0.13984357290032318,
        0.13956024697221128,
        0.137672851265473,
        0.13904746149068986,
        0.15221541928782162,
        0.14908625374690201
      ],
      "direction": [
        -0.020644283188129234,
        -0.21990413463577374,
        -0.2405787537425335,
        -0.3783041910175107,
        -0.2779973005892078,
        0.6828837373159458,
        0.4545449258572092
      ],
      "distance": 0.013704045847173395,
      "reward": 0.9900752305984497,
      "reward_change": 0.0007020235061645508
    },
    {
      "sample_index": 6,
      "S_perturbed": [
        0.13922515881961367,
        0.14149287136044503,
        0.14135388023207743,
        0.15033871158006695,
        0.14777843904514654,
        0.14175270589665537,
        0.1380582777694786
      ],
      "direction": [
        -0.3291566374985298,
        -0.12364050235838406,
        -0.13623686058569418,
        0.6780320470810094,
        0.4460020579143001,
        -0.10009246057778594,
        -0.4349076439749151
      ],
      "distance": 0.011034231153115819,
      "reward": 0.9900456666946411,
      "reward_change": 0.000672459602355957
    },
    {
      "sample_index": 7,
      "S_perturbed": [
        0.14683814358406422,
        0.14258700396389526,
        0.1493894971820473,
        0.13589999561893706,
        0.13591392088380946,
        0.14268650467429655,
        0.1466849787964337
      ],
      "direction": [
        0.30543195056216543,
        -0.020726228820958523,
        0.5011782489271365,
        -0.5337704151289688,
        -0.532702033602127,
        -0.01309228276144968,
        0.29368076082420186
      ],
      "distance": 0.013033981328352118,
      "reward": 0.9891914129257202,
      "reward_change": -0.0001817941665649414
    },
    {
      "sample_index": 8,
      "S_perturbed": [
        0.14085469102729994,
        0.14282813142693648,
        0.13767630275806036,
        0.13749951255552864,
        0.1471439724861977,
        0.14829269602813763,
        0.1457047384213228
      ],
      "direction": [
        -0.18625551388240688,
        -0.0026990467343608725,
        -0.48188831943045135,
        -0.4983321831565025,
        0.3987321481253196,
        0.5055788687696908,
        0.26486404630871163
      ],
      "distance": 0.010751135224480506,
      "reward": 0.9905959963798523,
      "reward_change": 0.0012227892875671387
    },
    {
      "sample_index": 9,
      "S_perturbed": [
        0.14189266485360402,
        0.14596336343727642,
        0.13863339680958636,
        0.14896028716133636,
        0.13431863232164995,
        0.14484111178515469,
        0.14539058833487578
      ],
      "direction": [
        -0.0790327729016752,
        0.25453260164802,
        -0.3461070707190768,
        0.5001096110887577,
        -0.6996719448871365,
        0.1625719012953821,
        0.20759767447572833
      ],
      "distance": 0.012203600536080092,
      "reward": 0.9859222173690796,
      "reward_change": -0.0034509897232055664
    },
    {
      "sample_index": 10,
      "S_perturbed": [
        0.14203243095543483,
        0.14037940209453548,
        0.14714716441517467,
        0.14665188510920718,
        0.13120917504769605,
        0.14971441404958868,
        0.14286557303184672
      ],
      "direction": [
        -0.055311481054349215,
        -0.16617536737912808,
        0.2877189658270432,
        0.25450200877650325,
        -0.7811960926313787,
        0.45989700722080196,
        0.0005649592405074332
      ],
      "distance": 0.0149104358118635,
      "reward": 0.9889676570892334,
      "reward_change": -0.0004055500030517578
    },
    {
      "sample_index": 11,
      "S_perturbed": [
        0.1469058714157621,
        0.14577222786467545,
        0.13569417567739578,
        0.14590662911453495,
        0.1463920900738408,
        0.1328036189074776,
        0.14652543164979687
      ],
      "direction": [
        0.27772506790129536,
        0.1999619567777152,
        -0.49134942712019036,
        0.20918130911995203,
        0.24248185979875644,
        -0.6896292895096482,
        0.2516285230321194
      ],
      "distance": 0.01457816610867211,
      "reward": 0.9848988056182861,
      "reward_change": -0.0044744014739990234
    },
    {
      "sample_index": 12,