{
  "base_S": [
    0.1428571492433548,
    0.1428571492433548,
    0.1428571492433548,
    0.1428571492433548,
    0.1428571492433548,
    0.1428571492433548,
    0.1428571492433548
  ],
  "base_reward": 0.9893732070922852,
  "dS": 0.02,
  "distance_mode": "uniform_half",
  "n_samples": 30,
  "n_repeats": 1,
  "samples": [
    {
      "sample_index": 0,
      "S_perturbed": [
        0.15110428003418458,
        0.14732492541927217,
        0.13421948389908364,
        0.14856063818052367,
        0.13686219533183624,
        0.14761473825401525,
        0.13431378358456803
      ],
      "direction": [
        0.456291765610455,
        0.24719014786675247,
        -0.47789900156211473,
        0.3155588414063022,
        -0.3316848215965881,
        0.263224719576048,
        -0.4726816513008552
      ],
      "distance": 0.018074248567243507,
      "reward": 0.9863889813423157,
      "reward_change": -0.0029842257499694824
    },
    {
      "sample_index": 1,
      "S_perturbed": [
        0.13762016849345426,
        0.15168993982581694,
        0.14563545247047258,
        0.14103524345221558,
        0.1456542983605892,
        0.13862530651084023,
        0.13973963559009478
      ],
      "direction": [
        -0.4248676292318711,
        0.7165897629743175,
        0.22539916829276177,
        -0.14780821834791705,
        0.22692810434141397,
        -0.3433224361345474,
        -0.2529187518941576
      ],
      "distance": 0.01232614675626997,
      "reward": 0.9896849393844604,
      "reward_change": 0.00031173229217529297
    },
    {
      "sample_index": 2,
      "S_perturbed": [
        0.13668020701461564,
        0.14301252283694293,
        0.14908773159379118,
        0.1479111570510075,
        0.1451317616199701,
        0.13102436300725706,
        0.14715230157989917
      ],
      "direction": [
        -0.3786053091975015,
        0.009523363707025606,
        0.38189309045051056,
        0.3097769281053344,
        0.13941854889724076,
        -0.7252707773017604,
        0.263264155339151
      ],
      "distance": 0.016314991043923595,
      "reward": 0.9885044693946838,
      "reward_change": -0.0008687376976013184
    },
    {
      "sample_index": 3,
      "S_perturbed": [
        0.14846036034339616,
        0.13920187829133693,
        0.15159123079657938,
        0.14190299366272752,
        0.1311741714407078,
        0.1419190091977937,
        0.14575040097094208
      ],
      "direction": [
        0.3424658056482088,
        -0.22340855789567832,
        0.5338232349839783,
        -0.058317570728479096,
        -0.7140584807743738,
        -0.057338708247410206,
        0.1768342770137541
      ],
      "distance": 0.016361373917129527,
      "reward": 0.9882541298866272,
      "reward_change": -0.001119077205657959
    },
    {
      "sample_index": 4,
      "S_perturbed": [
        0.13392405541531663,
        0.13804088552632696,
        0.14226216332126992,
        0.14286363084760692,
        0.14069452811410277,
        0.14952096398389686,
        0.1526938174949635
      ],
      "direction": [
        -0.5658914017307184,
        -0.30509947375446284,
        -0.03769101992434774,
        0.0004105950509768043,
        -0.136997184380147,
        0.4221376755904224,
        0.6231308091482769
      ],
      "distance": 0.015785880118901335,
      "reward": 0.9904550313949585,
      "reward_change": 0.0010818243026733398
    },
    {
      "sample_index": 5,
      "S_perturbed": [
        0.14384318517082706,
        0.1416441983135477,
        0.146073204124503,
        0.13103102465057928,
        0.1391279258926113,
        0.15236718477075156,
        0.14591332178066366
      ],
      "direction": [
        0.06042006795493925,
        -0.07432444960988828,
        0.19706609977581493,
        -0.7246543778286109,
        -0.22851087064208933,
        0.5827343373706424,
        0.18726919297919162
      ],
      "distance": 0.016319675909792858,
      "reward": 0.9917954206466675,
      "reward_change": 0.0024222135543823242
    },
    {
      "sample_index": 6,
      "S_perturbed": [
        0.1453159738938507,
        0.14551166876477473,
        0.1418484413548199,
        0.14746374878861504,
        0.142281634604859,
        0.1431666472867014,
        0.13441193000986285
      ],
      "direction": [
        0.23761554119587666,
        0.2565270738480712,
        -0.09747936714170759,
        0.4451719010539983,
        -0.05561650045469915,
        0.029909227180569254,
        -0.8161278756821089
      ],
      "distance": 0.01034791174904246,
      "reward": 0.9888456463813782,
      "reward_change": -0.0005275607109069824
    },
    {
      "sample_index": 7,
      "S_perturbed": [
        0.14041025682858443,
        0.14949312713471516,
        0.14228791672037652,
        0.14613454395732317,
        0.1325534367895752,
        0.14612728442989065,
        0.1429934788430184
      ],
      "direction": [
        -0.18341898952831784,
        0.4974327240618824,
        -0.0426696545957975,
        0.24567341951482968,
        -0.7723660081066421,
        0.24512924553395174,
        0.010219263120093365
      ],
      "distance": 0.013340453030860129,
      "reward": 0.9869071841239929,
      "reward_change": -0.0024660229682922363
    },
    {
      "sample_index": 8,
      "S_perturbed": [
        0.14035975519622967,
        0.13935336052198116,
        0.1559018258267789,
        0.14386137757105688,
        0.13418948911050058,
        0.13929052902917566,
        0.14704370744776074
      ],
      "direction": [
        -0.14538863659235204,
        -0.2039770478729941,
        0.7594106926920163,
        0.05846229495104843,
        -0.504597698794155,
        -0.20763485473153503,
        0.24372525034797152
      ],
      "distance": 0.017177367541642518,
      "reward": 0.9895340800285339,
      "reward_change": 0.0001608729362487793
    },
    {
      "sample_index": 9,
      "S_perturbed": [
        0.15279669188562106,
        0.13676982234390517,
        0.14383239976763157,
        0.14207622478377116,
        0.1371075326425349,
        0.14061822780754663,
        0.1467991454724731
      ],
      "direction": [
        0.7191601392648096,
        -0.4404390642827877,
        0.07056273393048623,
        -0.05650257394352404,
        -0.4160045611939876,
        -0.16199367612066035,
        0.2852170023456637
      ],
      "distance": 0.0138210422124165,
      "reward": 0.987326979637146,
      "reward_change": -0.00204622745513916
    },
    {
      "sample_index": 10,
      "S_perturbed": [
        0.14980622217830258,
        0.13410485771655348,
        0.14278687054523723,
        0.13477239872984423,
        0.13857444016940046,
        0.14548957338703963,
        0.15446568197710597
      ],
      "direction": [
        0.3712899763521373,
        -0.46763620765443753,
        -0.0037550010492626747,
        -0.4319693943458132,
        -0.2288257679372798,
        0.14065080438890018,
        0.6202455902457558
      ],
      "distance": 0.018716026226243083,
      "reward": 0.988898515701294,
      "reward_change": -0.00047469139099121094
    },
    {
      "sample_index": 11,
      "S_perturbed": [
        0.14645752744890272,
        0.1446533311696075,
        0.1401696010365819,
        0.13622416567066564,
        0.14843201928539926,
        0.13900098658812862,
        0.14506241350419793
      ],
      "direction": [
        0.3311321085737843,
        0.1651975083355599,
        -0.24717778349815403,
        -0.6100453094553645,
        0.5127290430773143,
        -0.3546569827194579,
        0.20282141568631804
      ],
      "distance": 0.010872935944071013,
      "reward": 0.9888113737106323,
      "reward_change": -0.000561833381652832
    },
    {
      "sample_index": 12,